type,repo_name,created_at,actor_login,event
PullRequestEvent,a8m/tree,1.492832346E9,james-antill,"""opened"""
PullRequestEvent,akira/exq,1.492832191E9,jackalcooper,"""opened"""
PullRequestEvent,J-D-K/JKSM,1.492831256E9,kay-l,"""opened"""
PullRequestEvent,daniv/SFNG,1.492831104E9,daniv,"""opened"""
PullRequestEvent,daniv/SFNG,1.492831613E9,daniv,"""opened"""
PullRequestEvent,daniv/SFNG,1.492833394E9,daniv,"""closed"""
PullRequestEvent,daniv/SFNG,1.492833387E9,daniv,"""opened"""
PullRequestEvent,daniv/SFNG,1.492831647E9,daniv,"""closed"""
PullRequestEvent,daniv/SFNG,1.492831558E9,daniv,"""opened"""
PullRequestEvent,daniv/SFNG,1.492831625E9,daniv,"""closed"""
PullRequestEvent,daniv/SFNG,1.492831679E9,daniv,"""closed"""
PullRequestEvent,daniv/SFNG,1.492831125E9,daniv,"""closed"""
PullRequestEvent,daniv/SFNG,1.492831674E9,daniv,"""opened"""
PullRequestEvent,duccm94/gr,1.492832642E9,duccm94,"""opened"""
PullRequestEvent,duccm94/gr,1.492832647E9,duccm94,"""closed"""
PullRequestEvent,vulogov/zq,1.492832667E9,vulogov,"""closed"""
PullRequestEvent,vulogov/zq,1.492832653E9,vulogov,"""opened"""
PullRequestEvent,HanSon/vbot,1.492831666E9,iflamed,"""opened"""
PullRequestEvent,gopal68/SQL,1.492832125E9,gopal68,"""opened"""
PullRequestEvent,javecs/expr,1.49283299E9,javecs,"""opened"""
PullRequestEvent,Kristuff/pwf,1.492832811E9,Kristuff,"""closed"""
PullRequestEvent,Kristuff/pwf,1.492831478E9,Kristuff,"""opened"""
PullRequestEvent,LinkLuo/osta,1.492832406E9,LinkLuo,"""opened"""
PullRequestEvent,Raviajet/abc,1.492832615E9,Raviajet,"""opened"""
PullRequestEvent,Raviajet/abc,1.492832809E9,Raviajet,"""closed"""
PullRequestEvent,dhtlee/husky,1.492830342E9,dhtlee,"""closed"""
PullRequestEvent,lhxcc/jfinal,1.492832921E9,lhxcc,"""opened"""
PullRequestEvent,lhxcc/jfinal,1.492832939E9,lhxcc,"""closed"""
PullRequestEvent,qixinxin/bss,1.492831047E9,qixinxin,"""closed"""
PullRequestEvent,qixinxin/bss,1.49283104E9,qixinxin,"""opened"""
PullRequestEvent,6by9/userland,1.492832228E9,Terminus-IMRC,"""opened"""
PullRequestEvent,astaxie/beego,1.492831156E9,astaxie,"""closed"""
PullRequestEvent,cbeust/kobalt,1.492830405E9,ethauvin,"""opened"""
PullRequestEvent,jfurrow/flood,1.492830371E9,jfurrow,"""opened"""
PullRequestEvent,jfurrow/flood,1.49283039E9,jfurrow,"""closed"""
PullRequestEvent,pokecal/PKHeX,1.492833189E9,pokecal,"""closed"""
PullRequestEvent,tarunon/mstdn,1.49283079E9,tarunon,"""closed"""
PullRequestEvent,tarunon/mstdn,1.492830809E9,tarunon,"""opened"""
PullRequestEvent,tarunon/mstdn,1.492830786E9,tarunon,"""opened"""
PullRequestEvent,wmantly/jqspa,1.492830936E9,wmantly,"""opened"""
PullRequestEvent,wmantly/jqspa,1.492830941E9,wmantly,"""closed"""
PullRequestEvent,Miserlou/Zappa,1.492833266E9,gerred,"""opened"""
PullRequestEvent,Pferdow30/Home,1.492830067E9,Pferdow30,"""opened"""
PullRequestEvent,Pferdow30/Home,1.492830747E9,Pferdow30,"""closed"""
PullRequestEvent,Pferdow30/Home,1.492830741E9,Pferdow30,"""opened"""
PullRequestEvent,Pferdow30/Home,1.492830101E9,Pferdow30,"""closed"""
PullRequestEvent,PyuuCH/PewTech,1.492830836E9,PyuuCH,"""closed"""
PullRequestEvent,PyuuCH/PewTech,1.49283083E9,PyuuCH,"""opened"""
PullRequestEvent,azerupi/mdBook,1.492830204E9,frewsxcv,"""closed"""
PullRequestEvent,azerupi/mdBook,1.492830295E9,frewsxcv,"""opened"""
PullRequestEvent,finnagin/CS434,1.492833517E9,finnagin,"""reopened"""
PullRequestEvent,finnagin/CS434,1.492833507E9,finnagin,"""closed"""
PullRequestEvent,finnagin/CS434,1.492833498E9,finnagin,"""opened"""
PullRequestEvent,jorge-gs/juego,1.492833449E9,jorge-gs,"""closed"""
PullRequestEvent,mkaltak85/tera,1.492832454E9,mkaltak85,"""opened"""
PullRequestEvent,mkaltak85/tera,1.492832463E9,mkaltak85,"""closed"""
PullRequestEvent,og3/slack-user,1.492832506E9,og3,"""opened"""
PullRequestEvent,og3/slack-user,1.492832513E9,og3,"""closed"""
PullRequestEvent,skarfacegc/Gue,1.492830448E9,skarfacegc,"""closed"""
PullRequestEvent,skarfacegc/Gue,1.49283049E9,skarfacegc,"""opened"""
PullRequestEvent,skarfacegc/Gue,1.492830435E9,skarfacegc,"""opened"""
PullRequestEvent,skarfacegc/Gue,1.492830453E9,skarfacegc,"""reopened"""
PullRequestEvent,skarfacegc/Gue,1.492830469E9,skarfacegc,"""closed"""
PullRequestEvent,skarfacegc/Gue,1.492830553E9,skarfacegc,"""closed"""
PullRequestEvent,xabibmf/sample,1.492830426E9,xabibmf,"""closed"""
PullRequestEvent,xabibmf/sample,1.492831298E9,xabibmf,"""opened"""
PullRequestEvent,xabibmf/sample,1.492831836E9,xabibmf,"""opened"""
PullRequestEvent,xabibmf/sample,1.492831371E9,xabibmf,"""closed"""
PullRequestEvent,LMYM/helloworld,1.492830563E9,LMYM,"""closed"""
PullRequestEvent,LMYM/helloworld,1.492830546E9,LMYM,"""opened"""
PullRequestEvent,alarky/mastodon,1.492830097E9,acid-chicken,"""opened"""
PullRequestEvent,calebhsu/CoMake,1.492830736E9,sperry94,"""opened"""
PullRequestEvent,jiezhon/videopk,1.492830306E9,myrual,"""opened"""
PullRequestEvent,jlord/patchwork,1.492831077E9,Luxifeier,"""opened"""
PullRequestEvent,jlord/patchwork,1.492832336E9,dlim136,"""opened"""
PullRequestEvent,jlord/patchwork,1.492831441E9,Luxifeier,"""closed"""
PullRequestEvent,jlord/patchwork,1.492832338E9,reporobot,"""closed"""
PullRequestEvent,k-takata/minpac,1.492832814E9,k-takata,"""closed"""
PullRequestEvent,kswgit/erlaheui,1.492832725E9,kswgit,"""opened"""
PullRequestEvent,kswgit/erlaheui,1.492832734E9,kswgit,"""closed"""
PullRequestEvent,sisface/ui-site,1.492830287E9,gkimf2,"""opened"""
PullRequestEvent,sisface/ui-site,1.492830221E9,sisface,"""closed"""
PullRequestEvent,sisface/ui-site,1.492833443E9,sisface,"""closed"""
PullRequestEvent,sisface/ui-site,1.492831886E9,gkimf2,"""closed"""
PullRequestEvent,sisface/ui-site,1.492833023E9,gkimf2,"""opened"""
PullRequestEvent,sorrycc/roadhog,1.492830351E9,lishengzxc,"""opened"""
PullRequestEvent,ssd-ch/git_test,1.492830275E9,ssd-ch,"""closed"""
PullRequestEvent,ssd-ch/git_test,1.492830195E9,ssd-ch,"""opened"""
PullRequestEvent,weenta/vue-test,1.492830637E9,weenta,"""closed"""
PullRequestEvent,Headline22/Gangs,1.492830496E9,Drixevel,"""opened"""
PullRequestEvent,amlight/SDNTrace,1.492830943E9,jab1982,"""opened"""
PullRequestEvent,amlight/SDNTrace,1.492830949E9,jab1982,"""closed"""
PullRequestEvent,angelolao/haalp-,1.492832525E9,angelolao,"""closed"""
PullRequestEvent,angelolao/haalp-,1.49283349E9,jebie,"""opened"""
PullRequestEvent,angelolao/haalp-,1.492832444E9,jarlacut,"""opened"""
PullRequestEvent,angelolao/haalp-,1.49283356E9,angelolao,"""closed"""
PullRequestEvent,angelolao/haalp-,1.492830338E9,jarlacut,"""opened"""
PullRequestEvent,angelolao/haalp-,1.49283322E9,angelolao,"""opened"""
PullRequestEvent,angelolao/haalp-,1.492833458E9,angelolao,"""closed"""
PullRequestEvent,angelolao/haalp-,1.492830737E9,angelolao,"""closed"""
PullRequestEvent,angelolao/haalp-,1.492833496E9,jebie,"""closed"""
PullRequestEvent,anirbanmu/dagbot,1.492833171E9,anirbanmu,"""closed"""
PullRequestEvent,anirbanmu/dagbot,1.492833162E9,anirbanmu,"""opened"""
PullRequestEvent,ashander/ftprime,1.492833496E9,ashander,"""closed"""
PullRequestEvent,causefx/Organizr,1.492830859E9,causefx,"""opened"""
PullRequestEvent,causefx/Organizr,1.492830866E9,causefx,"""closed"""
PullRequestEvent,dgw/sopel-UnoBot,1.492830843E9,dgw,"""opened"""
PullRequestEvent,eugenp/tutorials,1.492830043E9,KevinGilmore,"""closed"""
PullRequestEvent,feross/p2p-graph,1.492832026E9,feross,"""closed"""
PullRequestEvent,feross/p2p-graph,1.492831932E9,feross,"""opened"""
PullRequestEvent,jmprieur/v2jsapp,1.492831334E9,shivbijlani,"""opened"""
PullRequestEvent,kennabila/payung,1.492832294E9,bravyto,"""closed"""
PullRequestEvent,merger0/Live2017,1.492831222E9,merger0,"""closed"""
PullRequestEvent,merger0/Live2017,1.492831195E9,merger0,"""opened"""
PullRequestEvent,mouse07410/asn1c,1.49283252E9,mouse07410,"""closed"""
PullRequestEvent,noppoMan/Prorsum,1.492831972E9,noppoMan,"""opened"""
PullRequestEvent,t-wheatley/Squad,1.492832045E9,t-wheatley,"""closed"""
PullRequestEvent,t-wheatley/Squad,1.492831981E9,t-wheatley,"""opened"""
PullRequestEvent,thebritican/goat,1.492830948E9,thebritican,"""closed"""
PullRequestEvent,thebritican/goat,1.492830565E9,thebritican,"""opened"""
PullRequestEvent,tkstang/level-up,1.492830748E9,danielmarcgardner,"""closed"""
PullRequestEvent,tkstang/level-up,1.49283058E9,danielmarcgardner,"""opened"""
PullRequestEvent,tkstang/level-up,1.49283039E9,tkstang,"""closed"""
PullRequestEvent,tkstang/level-up,1.492830022E9,tkstang,"""closed"""
PullRequestEvent,w1lldone/bmtapps,1.492830826E9,w1lldone,"""opened"""
PullRequestEvent,w1lldone/bmtapps,1.492833499E9,w1lldone,"""opened"""
PullRequestEvent,w1lldone/bmtapps,1.492833358E9,w1lldone,"""closed"""
PullRequestEvent,w1lldone/bmtapps,1.492833436E9,w1lldone,"""closed"""
PullRequestEvent,w1lldone/bmtapps,1.492830838E9,w1lldone,"""closed"""
PullRequestEvent,w1lldone/bmtapps,1.492832011E9,w1lldone,"""opened"""
PullRequestEvent,w1lldone/bmtapps,1.492833387E9,w1lldone,"""opened"""
PullRequestEvent,zonyitoo/bson-rs,1.492832226E9,saghm,"""opened"""
PullRequestEvent,CQK0100/MyTinySTL,1.492830668E9,CQK0100,"""opened"""
PullRequestEvent,CQK0100/MyTinySTL,1.492830676E9,CQK0100,"""closed"""
PullRequestEvent,KevL927/tictactoe,1.492832503E9,KevL927,"""closed"""
PullRequestEvent,KevL927/tictactoe,1.492830847E9,KevL927,"""opened"""
PullRequestEvent,KevL927/tictactoe,1.492832499E9,KevL927,"""opened"""
PullRequestEvent,KevL927/tictactoe,1.49283309E9,KevL927,"""opened"""
PullRequestEvent,KevL927/tictactoe,1.492833096E9,KevL927,"""closed"""
PullRequestEvent,KevL927/tictactoe,1.492830851E9,KevL927,"""closed"""
PullRequestEvent,LukeGStarr/4700P5,1.492832414E9,farid00,"""closed"""
PullRequestEvent,LukeGStarr/4700P5,1.492832407E9,farid00,"""opened"""
PullRequestEvent,SeptimusZhu/mesos,1.492832914E9,SeptimusZhu,"""closed"""
PullRequestEvent,SeptimusZhu/mesos,1.492832886E9,SeptimusZhu,"""opened"""
PullRequestEvent,alamminsalo/orion,1.492832701E9,rakslice,"""opened"""
PullRequestEvent,arangob/CS186-286,1.492831372E9,arangob,"""closed"""
PullRequestEvent,arangob/CS186-286,1.49283132E9,arangob,"""opened"""
PullRequestEvent,arangob/CS186-286,1.492831098E9,arangob,"""opened"""
PullRequestEvent,arangob/CS186-286,1.492831796E9,arangob,"""closed"""
PullRequestEvent,arangob/CS186-286,1.492832018E9,arangob,"""closed"""
PullRequestEvent,arangob/CS186-286,1.492832013E9,arangob,"""opened"""
PullRequestEvent,arangob/CS186-286,1.492831114E9,arangob,"""closed"""
PullRequestEvent,arangob/CS186-286,1.492831362E9,arangob,"""opened"""
PullRequestEvent,cilico/TestGithub,1.492831673E9,happyforward,"""opened"""
PullRequestEvent,cilico/TestGithub,1.492831824E9,cilico,"""closed"""
PullRequestEvent,elliotchance/c2go,1.492830127E9,jorbs,"""opened"""
PullRequestEvent,garyyiu2015/hosts,1.492830307E9,garyyiu2015,"""opened"""
PullRequestEvent,garyyiu2015/hosts,1.492830316E9,garyyiu2015,"""closed"""
PullRequestEvent,grv2k8/psoft2_IPL,1.492832061E9,grv2k8,"""closed"""
PullRequestEvent,grv2k8/psoft2_IPL,1.492832054E9,grv2k8,"""opened"""
PullRequestEvent,ktsn/template-es6,1.49283245E9,ktsn,"""closed"""
PullRequestEvent,ktsn/template-vue,1.492832437E9,ktsn,"""closed"""
PullRequestEvent,mateus/Contentify,1.492832058E9,mateus,"""opened"""
PullRequestEvent,merger0/Liveanime,1.492831231E9,merger0,"""closed"""
PullRequestEvent,merger0/Liveanime,1.492831205E9,merger0,"""opened"""
PullRequestEvent,nadasa/HelloWorld,1.492830077E9,nadasa,"""closed"""
PullRequestEvent,nadasa/HelloWorld,1.492830065E9,nadasa,"""opened"""
PullRequestEvent,saurabhsood91/box,1.492833282E9,saurabhsood91,"""opened"""
PullRequestEvent,solitudeTime/Test,1.492833462E9,solitudeTime,"""opened"""
PullRequestEvent,vinaypamnani/test,1.492830162E9,vinaypamnani,"""closed"""
PullRequestEvent,vinaypamnani/test,1.492830113E9,vinaypamnani,"""opened"""
PullRequestEvent,970530/FishProject,1.492830321E9,zhanyang521,"""opened"""
PullRequestEvent,970530/FishProject,1.492832947E9,970530,"""closed"""
PullRequestEvent,970530/FishProject,1.492832184E9,coryyu,"""closed"""
PullRequestEvent,970530/FishProject,1.492832627E9,zhanyang521,"""opened"""
PullRequestEvent,970530/FishProject,1.492832715E9,970530,"""closed"""
PullRequestEvent,970530/FishProject,1.492832912E9,zhanyang521,"""opened"""
PullRequestEvent,970530/FishProject,1.492830358E9,970530,"""closed"""
PullRequestEvent,970530/FishProject,1.492832169E9,coryyu,"""opened"""
PullRequestEvent,DUSAEN052/leetcode,1.492831904E9,DUSAEN052,"""opened"""
PullRequestEvent,Kichiguy/TacoGiant,1.492833318E9,bwootten,"""opened"""
PullRequestEvent,Kichiguy/TacoGiant,1.492833395E9,Kichiguy,"""closed"""
PullRequestEvent,KurtJacobson/hazzy,1.49283348E9,KurtJacobson,"""closed"""
PullRequestEvent,KurtJacobson/hazzy,1.49283304E9,KurtJacobson,"""closed"""
PullRequestEvent,KurtJacobson/hazzy,1.492831853E9,TurBoss,"""opened"""
PullRequestEvent,KurtJacobson/hazzy,1.49283319E9,TurBoss,"""opened"""
PullRequestEvent,abeltje/Test-Smoke,1.49283057E9,jkeenan,"""opened"""
PullRequestEvent,absorr/ptu-toolkit,1.492830014E9,heed13,"""opened"""
PullRequestEvent,coryyu/FishProject,1.492832097E9,coryyu,"""closed"""
PullRequestEvent,coryyu/FishProject,1.492832046E9,coryyu,"""opened"""
PullRequestEvent,duancj/hello-world,1.492831966E9,duancj,"""opened"""
PullRequestEvent,duancj/hello-world,1.492832129E9,duancj,"""closed"""
PullRequestEvent,jdenen/mastodon.el,1.492830707E9,jdenen,"""opened"""
PullRequestEvent,jneeb/portfolio2.0,1.492831782E9,jneeb,"""opened"""
PullRequestEvent,jneeb/portfolio2.0,1.492831791E9,jneeb,"""closed"""
PullRequestEvent,jneeb/portfolio2.0,1.49283253E9,jneeb,"""closed"""
PullRequestEvent,jneeb/portfolio2.0,1.492832523E9,jneeb,"""opened"""
PullRequestEvent,js669426/test-file,1.492831828E9,js669426,"""opened"""
PullRequestEvent,js669426/test-file,1.492832719E9,patrickthunder,"""closed"""
PullRequestEvent,js669426/test-file,1.492832971E9,patrickthunder,"""opened"""
PullRequestEvent,kbettadapur/CS2340,1.49283114E9,Augdawg,"""closed"""
PullRequestEvent,kbettadapur/CS2340,1.492831125E9,Augdawg,"""opened"""
PullRequestEvent,mapcat/HighwayData,1.492831967E9,mapcat,"""opened"""
PullRequestEvent,mapcat/HighwayData,1.49283199E9,mapcat,"""closed"""
PullRequestEvent,martyav/algoReview,1.492830262E9,martyav,"""opened"""
PullRequestEvent,mengmengy/shorturl,1.49283056E9,wtswx,"""closed"""
PullRequestEvent,mengmengy/shorturl,1.492830511E9,wtswx,"""opened"""
PullRequestEvent,mike-mjk/jiu-jitsu,1.492832487E9,mike-mjk,"""opened"""
PullRequestEvent,mike-mjk/jiu-jitsu,1.492832626E9,mike-mjk,"""closed"""
PullRequestEvent,navcoindev/navtech,1.492831412E9,navcoindev,"""opened"""
PullRequestEvent,peckb1/toyproblems,1.492831577E9,peckb1,"""opened"""
PullRequestEvent,peckb1/toyproblems,1.49283173E9,peckb1,"""closed"""
PullRequestEvent,pocke/bacon-cannon,1.492832918E9,pocke,"""closed"""
PullRequestEvent,pocke/bacon-cannon,1.492830742E9,deppbot,"""opened"""
PullRequestEvent,santoshphilip/eppy,1.492830446E9,katsuya0719,"""opened"""
PullRequestEvent,shinobushiva/Water,1.492830915E9,n1215,"""closed"""
PullRequestEvent,taujago/laporjogja,1.492832952E9,taujago,"""opened"""
PullRequestEvent,taujago/laporjogja,1.492830068E9,taujago,"""opened"""
PullRequestEvent,taujago/laporjogja,1.492830081E9,taujago,"""closed"""
PullRequestEvent,taujago/laporjogja,1.492832961E9,taujago,"""closed"""
PullRequestEvent,thebruce/semverist,1.4928304E9,thebruce,"""closed"""
PullRequestEvent,timothycrosley/hug,1.492831533E9,timothycrosley,"""opened"""
PullRequestEvent,timothycrosley/hug,1.492832947E9,timothycrosley,"""closed"""
PullRequestEvent,CrazyByDefault/vhdl,1.492831314E9,CrazyByDefault,"""reopened"""
PullRequestEvent,DeathlyPlays/Exiled,1.492833364E9,DeathlyPlays,"""closed"""
PullRequestEvent,DeathlyPlays/Exiled,1.492831988E9,DeathlyPlays,"""closed"""
PullRequestEvent,DeathlyPlays/Exiled,1.492833517E9,Eelektross,"""closed"""
PullRequestEvent,DeathlyPlays/Exiled,1.492833531E9,Eelektross,"""reopened"""
PullRequestEvent,DeathlyPlays/Exiled,1.492831492E9,Eelektross,"""closed"""
PullRequestEvent,DeathlyPlays/Exiled,1.492833234E9,BamdTheClueless,"""opened"""
PullRequestEvent,DeathlyPlays/Exiled,1.492832741E9,Eelektross,"""opened"""
PullRequestEvent,DeathlyPlays/Exiled,1.492830491E9,Eelektross,"""opened"""
PullRequestEvent,DeathlyPlays/Exiled,1.492833533E9,Eelektross,"""closed"""
PullRequestEvent,DeathlyPlays/Exiled,1.492831883E9,AlphaWind,"""opened"""
PullRequestEvent,DeathlyPlays/Exiled,1.492833406E9,BamdTheClueless,"""opened"""
PullRequestEvent,DeathlyPlays/Exiled,1.492833334E9,DeathlyPlays,"""closed"""
PullRequestEvent,FarahMint/wwcRiseUp,1.492830088E9,FarahMint,"""closed"""
PullRequestEvent,FarahMint/wwcRiseUp,1.492830077E9,FarahMint,"""opened"""
PullRequestEvent,FarahMint/wwcRiseUp,1.492830459E9,FarahMint,"""closed"""
PullRequestEvent,FarahMint/wwcRiseUp,1.492830448E9,FarahMint,"""opened"""
PullRequestEvent,SiddharthPant/booky,1.492831372E9,jez,"""opened"""
PullRequestEvent,abrevlett/SOS-Amber,1.492830803E9,abrevlett,"""closed"""
PullRequestEvent,abrevlett/SOS-Amber,1.492830793E9,abrevlett,"""opened"""
PullRequestEvent,benxhinGH/Desktopet,1.492831447E9,benxhinGH,"""closed"""
PullRequestEvent,ctyler/spo600-glibc,1.492832067E9,SandyLinux,"""opened"""
PullRequestEvent,cwc5189/Python-leet,1.492832471E9,cwc5189,"""closed"""
PullRequestEvent,cwc5189/Python-leet,1.492832464E9,cwc5189,"""opened"""
PullRequestEvent,dchoi3/TernionFinal,1.492831143E9,dchoi3,"""closed"""
PullRequestEvent,denen99/hubot-scala,1.492833044E9,joprice,"""opened"""
PullRequestEvent,denen99/hubot-scala,1.492832137E9,joprice,"""opened"""
PullRequestEvent,dreamsxin/cphalcon7,1.492830646E9,dreamsxin,"""opened"""
PullRequestEvent,dreamsxin/cphalcon7,1.49283327E9,dreamsxin,"""closed"""
PullRequestEvent,dreamsxin/cphalcon7,1.492831052E9,dreamsxin,"""opened"""
PullRequestEvent,dreamsxin/cphalcon7,1.492833264E9,dreamsxin,"""reopened"""
PullRequestEvent,dreamsxin/cphalcon7,1.492833261E9,dreamsxin,"""closed"""
PullRequestEvent,euri16/donare-droid,1.492832933E9,euri16,"""closed"""
PullRequestEvent,euri16/donare-droid,1.49283132E9,DCruz22,"""opened"""
PullRequestEvent,gopal68/hello-world,1.492832541E9,gopal68,"""opened"""
PullRequestEvent,gopal68/hello-world,1.492832608E9,gopal68,"""closed"""
PullRequestEvent,gopal68/hello-world,1.492832547E9,gopal68,"""closed"""
PullRequestEvent,gopal68/hello-world,1.492832602E9,gopal68,"""opened"""
PullRequestEvent,hh1680651/Glutton-2,1.49283348E9,hh1680651,"""closed"""
PullRequestEvent,hh1680651/Glutton-2,1.492832922E9,TianxiaoHu,"""opened"""
PullRequestEvent,jamesk/apidoc-proto,1.492833005E9,jamesk,"""opened"""
PullRequestEvent,jrg94/JavaTutorials,1.492832319E9,jrg94,"""closed"""
PullRequestEvent,jrg94/JavaTutorials,1.492832309E9,jrg94,"""opened"""
PullRequestEvent,luizhcb0/App_Escola,1.492830408E9,rafasimao,"""opened"""
PullRequestEvent,m11is4q/hello-world,1.492831934E9,m11is4q,"""closed"""
PullRequestEvent,m11is4q/hello-world,1.492831878E9,m11is4q,"""opened"""
PullRequestEvent,merger0/Live-images,1.492831226E9,merger0,"""closed"""
PullRequestEvent,merger0/Live-images,1.492831201E9,merger0,"""opened"""
PullRequestEvent,mteichtahl/simPokey,1.492831962E9,mteichtahl,"""closed"""
PullRequestEvent,r888888888/danbooru,1.492833445E9,evazion,"""opened"""
PullRequestEvent,sunjun/videocapture,1.492831729E9,sunjun,"""closed"""
PullRequestEvent,tgib23/douzou_chan2,1.492831147E9,tgib23,"""closed"""
PullRequestEvent,warniel08/MyProfile,1.492831796E9,warniel08,"""opened"""
PullRequestEvent,warniel08/MyProfile,1.492830844E9,warniel08,"""closed"""
PullRequestEvent,warniel08/MyProfile,1.492831806E9,warniel08,"""closed"""
PullRequestEvent,warniel08/MyProfile,1.492830838E9,warniel08,"""opened"""
PullRequestEvent,whyrusleeping/gx-go,1.492831335E9,whyrusleeping,"""closed"""
PullRequestEvent,wongtion/helloworld,1.492831373E9,wongtion,"""closed"""
PullRequestEvent,wongtion/helloworld,1.492831336E9,wongtion,"""opened"""
PullRequestEvent,AquaZera/hello-world,1.492831614E9,AquaZera,"""closed"""
PullRequestEvent,AquaZera/hello-world,1.492831597E9,AquaZera,"""opened"""
PullRequestEvent,KamachanYSK/Git_Test,1.49283028E9,KamachanYSK,"""closed"""
PullRequestEvent,KamachanYSK/Git_Test,1.492830191E9,KamachanYSK,"""opened"""
PullRequestEvent,LenaKuchko/Portfolio,1.492830724E9,LenaKuchko,"""opened"""
PullRequestEvent,LenaKuchko/Portfolio,1.492830794E9,LenaKuchko,"""closed"""
PullRequestEvent,RevenantX/LiteNetLib,1.492831425E9,NVentimiglia,"""opened"""
PullRequestEvent,angiecortes7/MZS_App,1.492832378E9,angiecortes7,"""opened"""
PullRequestEvent,angiecortes7/MZS_App,1.492832386E9,angiecortes7,"""closed"""
PullRequestEvent,araichev/kml2geojson,1.492832466E9,araichev,"""closed"""
PullRequestEvent,asmsuechan/Boostnote,1.492832566E9,sota1235,"""opened"""
PullRequestEvent,bluejekyll/trust-dns,1.492831431E9,bluejekyll,"""closed"""
PullRequestEvent,caigehui/react-wxeap,1.492833568E9,caigehui,"""opened"""
PullRequestEvent,caigehui/react-wxeap,1.492833584E9,caigehui,"""closed"""
PullRequestEvent,grantmacken/gmack.nz,1.492833029E9,grantmacken,"""opened"""
PullRequestEvent,grantmacken/gmack.nz,1.49283341E9,grantmacken,"""closed"""
PullRequestEvent,hardlydifficult/LD38,1.492831424E9,hardlydifficult,"""closed"""
PullRequestEvent,iso2013/MultiLineAPI,1.492830307E9,Redrield,"""opened"""
PullRequestEvent,lanheero/hello-world,1.492830187E9,lanheero,"""closed"""
PullRequestEvent,master-editor/docker,1.492831717E9,waffle-iron,"""opened"""
PullRequestEvent,master-editor/docker,1.492831745E9,master-editor,"""closed"""
PullRequestEvent,ozilzidane00/Network,1.492832106E9,ozilzidane00,"""closed"""
PullRequestEvent,ozilzidane00/Network,1.492832056E9,ozilzidane00,"""opened"""
PullRequestEvent,rawzeee/tezos-papers,1.492833582E9,rawzeee,"""opened"""
PullRequestEvent,rawzeee/tezos-papers,1.492832085E9,rawzeee,"""opened"""
PullRequestEvent,ryanoasis/nerd-fonts,1.492830328E9,ryanoasis,"""closed"""
PullRequestEvent,sjb3/portfolio-react,1.492833373E9,sjb3,"""closed"""
PullRequestEvent,sjb3/portfolio-react,1.492833366E9,sjb3,"""opened"""
PullRequestEvent,skycocker/chromebrew,1.49283006E9,jam7,"""opened"""
PullRequestEvent,tuannd255/hust_euniv,1.492830467E9,tuannd255,"""closed"""
PullRequestEvent,zulali/LudumDare2017,1.492833249E9,zulali,"""closed"""
PullRequestEvent,zulali/LudumDare2017,1.492833365E9,zulali,"""opened"""
PullRequestEvent,zulali/LudumDare2017,1.492833371E9,zulali,"""closed"""
PullRequestEvent,zulali/LudumDare2017,1.492830758E9,zulali,"""closed"""
PullRequestEvent,zulali/LudumDare2017,1.492832847E9,dtsullivan,"""opened"""
PullRequestEvent,zulali/LudumDare2017,1.492830751E9,zulali,"""opened"""
PullRequestEvent,zulali/LudumDare2017,1.492832156E9,dylanh10,"""opened"""
PullRequestEvent,zulali/LudumDare2017,1.492833293E9,dtsullivan,"""closed"""
PullRequestEvent,Benjamindodgson/Benji,1.492833279E9,Benjamindodgson,"""opened"""
PullRequestEvent,NBDelpino1/branchTest,1.492831319E9,NBDelpino1,"""opened"""
PullRequestEvent,NBDelpino1/branchTest,1.492831324E9,NBDelpino1,"""closed"""
PullRequestEvent,NBDelpino1/branchTest,1.492831021E9,NBDelpino1,"""opened"""
PullRequestEvent,NBDelpino1/branchTest,1.492831034E9,NBDelpino1,"""closed"""
PullRequestEvent,NagashimaKota/gitTest,1.492830266E9,NagashimaKota,"""closed"""
PullRequestEvent,NagashimaKota/gitTest,1.492830189E9,NagashimaKota,"""opened"""
PullRequestEvent,RamonHossein/blog-api,1.492831064E9,RamonHossein,"""closed"""
PullRequestEvent,SouthCity/my-iOS-demo,1.492830106E9,SouthCity,"""closed"""
PullRequestEvent,SouthCity/my-iOS-demo,1.492830095E9,SouthCity,"""opened"""
PullRequestEvent,XianAquino/FoodRunner,1.49283164E9,XianAquino,"""opened"""
PullRequestEvent,XianAquino/FoodRunner,1.492831649E9,XianAquino,"""closed"""
PullRequestEvent,acid-chicken/mastodon,1.492831048E9,acid-chicken,"""opened"""
PullRequestEvent,acid-chicken/mastodon,1.492831214E9,acid-chicken,"""closed"""
PullRequestEvent,aminvenjara/foresight,1.492832642E9,ldacunto,"""opened"""
PullRequestEvent,aminvenjara/foresight,1.492832689E9,ldacunto,"""closed"""
PullRequestEvent,blopa/Magento-Chatbot,1.492830938E9,blopa,"""opened"""
PullRequestEvent,blopa/Magento-Chatbot,1.492831291E9,blopa,"""closed"""
PullRequestEvent,chuck211991/esmeralda,1.492830535E9,chuck211991,"""closed"""
PullRequestEvent,davidbrowning/GameDev,1.49283342E9,JeffreyGene,"""opened"""
PullRequestEvent,davidbrowning/GameDev,1.492833482E9,JeffreyGene,"""closed"""
PullRequestEvent,davidbrowning/GameDev,1.492832448E9,JeffreyGene,"""opened"""
PullRequestEvent,davidbrowning/GameDev,1.492832519E9,JeffreyGene,"""closed"""
PullRequestEvent,davidbrowning/GameDev,1.492833522E9,JeffreyGene,"""reopened"""
PullRequestEvent,ddxtanx/url-shortener,1.492831528E9,ddxtanx,"""opened"""
PullRequestEvent,ddxtanx/url-shortener,1.492831532E9,ddxtanx,"""closed"""
PullRequestEvent,deathbaba/landing-php,1.492832733E9,deathbaba,"""opened"""
PullRequestEvent,eduardoboucas/popcorn,1.492833371E9,staticmanapp,"""opened"""
PullRequestEvent,ericgreen-dev/peap.io,1.492830041E9,ericgreen-dev,"""closed"""
PullRequestEvent,ericgreen-dev/peap.io,1.492830013E9,ericgreen-dev,"""opened"""
PullRequestEvent,hollenberry/art-place,1.49283353E9,kytrinyx,"""closed"""
PullRequestEvent,hollenberry/art-place,1.492833478E9,kytrinyx,"""closed"""
PullRequestEvent,hollenberry/art-place,1.492833469E9,kytrinyx,"""opened"""
PullRequestEvent,hollenberry/art-place,1.492833523E9,kytrinyx,"""reopened"""
PullRequestEvent,iqmal852/Git-Training,1.492833087E9,leetbox,"""opened"""
PullRequestEvent,iqmal852/Git-Training,1.492833534E9,EzzatEdros,"""opened"""
PullRequestEvent,iqmal852/Git-Training,1.492833068E9,nabs32595,"""opened"""
PullRequestEvent,iqmal852/Git-Training,1.492833456E9,nyum92,"""opened"""
PullRequestEvent,iqmal852/Git-Training,1.492833347E9,haziqabdullah,"""opened"""
PullRequestEvent,iqmal852/Git-Training,1.492833178E9,sarahaedotr,"""opened"""
PullRequestEvent,iqmal852/Git-Training,1.492833232E9,mralif93,"""opened"""
PullRequestEvent,iqmal852/Git-Training,1.492832957E9,afmn92,"""opened"""
PullRequestEvent,iqmal852/Git-Training,1.492833364E9,azirah92,"""opened"""
PullRequestEvent,iqmal852/Git-Training,1.492833243E9,AirStylE96,"""closed"""
PullRequestEvent,iqmal852/Git-Training,1.49283325E9,AirStylE96,"""reopened"""
PullRequestEvent,iqmal852/Git-Training,1.492833268E9,natraqila91,"""opened"""
PullRequestEvent,iqmal852/Git-Training,1.492833408E9,annisacheomar,"""opened"""
PullRequestEvent,iqmal852/Git-Training,1.492833036E9,fhmizailan,"""opened"""
PullRequestEvent,iqmal852/Git-Training,1.4928334E9,myusoff7204,"""opened"""
PullRequestEvent,iqmal852/Git-Training,1.492833409E9,nooraqilahrusli,"""opened"""
PullRequestEvent,iqmal852/Git-Training,1.492833226E9,AirStylE96,"""opened"""
PullRequestEvent,jessicaWY/Hello-World,1.492833097E9,jessicaWY,"""opened"""
PullRequestEvent,jyaaan/mister-popular,1.492831684E9,jyaaan,"""closed"""
PullRequestEvent,keyeechen/DeepDataPAI,1.492832242E9,keyeechen,"""closed"""
PullRequestEvent,koizumittn/chat-space,1.492830725E9,koizumittn,"""opened"""
PullRequestEvent,malli1234/hello-world,1.492833534E9,malli1234,"""opened"""
PullRequestEvent,mgarlanger/VirtualH89,1.492830249E9,mgarlanger,"""opened"""
PullRequestEvent,nbollmann/sec-backend,1.492830522E9,buegeleisen,"""opened"""
PullRequestEvent,nbollmann/sec-backend,1.492830508E9,buegeleisen,"""opened"""
PullRequestEvent,nbollmann/sec-backend,1.492830527E9,buegeleisen,"""closed"""
PullRequestEvent,nbollmann/sec-backend,1.492830512E9,buegeleisen,"""closed"""
PullRequestEvent,nicolasunlam/tp1Disco,1.492830995E9,FaakaFernandez,"""opened"""
PullRequestEvent,nicolasunlam/tp1Disco,1.492832712E9,FaakaFernandez,"""opened"""
PullRequestEvent,nicolasunlam/tp1Disco,1.492831116E9,nicolasunlam,"""closed"""
PullRequestEvent,nicolasunlam/tp1Disco,1.492832733E9,nicolasunlam,"""closed"""
PullRequestEvent,nicolasunlam/tp1Disco,1.492831776E9,nicolasunlam,"""closed"""
PullRequestEvent,nicolasunlam/tp1Disco,1.492831691E9,FaakaFernandez,"""opened"""
PullRequestEvent,paulocanedo/posmobile,1.492830006E9,aislannder,"""opened"""
PullRequestEvent,paulocanedo/posmobile,1.492831124E9,paulocanedo,"""closed"""
PullRequestEvent,paulocanedo/posmobile,1.492831091E9,paulocanedo,"""closed"""
PullRequestEvent,paulocanedo/posmobile,1.492830734E9,brunosavyofs,"""opened"""
PullRequestEvent,pponugo/react-dev-ops,1.492832391E9,pponugo,"""opened"""
PullRequestEvent,rahimnathwani/courses,1.492832548E9,rahimnathwani,"""closed"""
PullRequestEvent,rahimnathwani/courses,1.49283254E9,rahimnathwani,"""opened"""
PullRequestEvent,rhys-vdw/shock-jumper,1.49283067E9,Daloupe,"""opened"""
PullRequestEvent,rhys-vdw/shock-jumper,1.492833275E9,rhys-vdw,"""closed"""
PullRequestEvent,theotheransel/PHPtest,1.492832571E9,theotheransel,"""closed"""
PullRequestEvent,theotheransel/PHPtest,1.492832534E9,theotheransel,"""opened"""
PullRequestEvent,xguerin/systemverilog,1.492830732E9,xguerin,"""closed"""
PullRequestEvent,yuebuqun777888/jianfa,1.492833441E9,dongfang777888,"""opened"""
PullRequestEvent,yuebuqun777888/jianfa,1.492833545E9,yuebuqun777888,"""closed"""
PullRequestEvent,zeffy/Dll_Wrapper_Gen,1.492833512E9,zeffy,"""opened"""
PullRequestEvent,FerrumAquila/api_layer,1.49283051E9,FerrumAquila,"""opened"""
PullRequestEvent,MiguelCastillo/loggero,1.492830725E9,MiguelCastillo,"""opened"""
PullRequestEvent,MiguelCastillo/loggero,1.492832409E9,MiguelCastillo,"""closed"""
PullRequestEvent,MrMingFang/hello-world,1.492830427E9,MrMingFang,"""opened"""
PullRequestEvent,MrMingFang/hello-world,1.492830473E9,MrMingFang,"""closed"""
PullRequestEvent,Yzy5020/essay_offtopic,1.492833153E9,ly5112148,"""opened"""
PullRequestEvent,Yzy5020/essay_offtopic,1.492833166E9,ly5112148,"""closed"""
PullRequestEvent,aburasa/CS362-004-SP17,1.492830137E9,herlitzj,"""closed"""
PullRequestEvent,frankibem/arrange_game,1.492833162E9,danmedsa,"""opened"""
PullRequestEvent,freyo/laravel-emojione,1.492832628E9,freyo,"""opened"""
PullRequestEvent,freyo/laravel-emojione,1.49283265E9,freyo,"""closed"""
PullRequestEvent,garethr/garethr-docker,1.492832952E9,scotty-c,"""closed"""
PullRequestEvent,iansudderth/udemy-ruby,1.492832311E9,iansudderth,"""opened"""
PullRequestEvent,iansudderth/udemy-ruby,1.492832659E9,iansudderth,"""closed"""
PullRequestEvent,jackRamsey/Demo_Unreal,1.49283086E9,jackRamsey,"""closed"""
PullRequestEvent,jackRamsey/Demo_Unreal,1.492830846E9,jackRamsey,"""opened"""
PullRequestEvent,jaywcjlove/awesome-mac,1.492831701E9,KaleoCheng,"""opened"""
PullRequestEvent,jgilbert23/hello-world,1.492830969E9,jgilbert23,"""closed"""
PullRequestEvent,jgilbert23/hello-world,1.492830939E9,jgilbert23,"""opened"""
PullRequestEvent,jjsullivan5196/Traceur,1.492831934E9,jjsullivan5196,"""opened"""
PullRequestEvent,jjsullivan5196/Traceur,1.492831945E9,jjsullivan5196,"""closed"""
PullRequestEvent,jmggilbert/hello-world,1.49283325E9,jmggilbert,"""opened"""
PullRequestEvent,jmggilbert/hello-world,1.49283328E9,jmggilbert,"""closed"""
PullRequestEvent,moneynguyen0o0/e-notif,1.492832448E9,moneynguyen0o0,"""closed"""
PullRequestEvent,moneynguyen0o0/e-notif,1.492832424E9,moneynguyen0o0,"""opened"""
PullRequestEvent,pannal/Sub-Zero.bundle,1.492833217E9,danielsnipher,"""opened"""
PullRequestEvent,pastorsj/pandora-clone,1.492832129E9,pastorsj,"""opened"""
PullRequestEvent,safrazd/Alumni-Tracker,1.492833572E9,safrazd,"""closed"""
PullRequestEvent,safrazd/Alumni-Tracker,1.492833546E9,safrazd,"""opened"""
PullRequestEvent,serge-sans-paille/gast,1.49283102E9,jfinkels,"""opened"""
PullRequestEvent,serge-sans-paille/gast,1.492830838E9,jfinkels,"""opened"""
PullRequestEvent,serge-sans-paille/gast,1.4928313E9,jfinkels,"""opened"""
PullRequestEvent,venediktov/vanilla-rtb,1.492831928E9,venediktov,"""closed"""
PullRequestEvent,zhanglifeng/coding2017,1.492833119E9,Kandde,"""opened"""
PullRequestEvent,DiyLecko/ko.docs.nuxtjs,1.492830916E9,DiyLecko,"""closed"""
PullRequestEvent,DiyLecko/ko.docs.nuxtjs,1.492830943E9,DiyLecko,"""closed"""
PullRequestEvent,GulajavaMinistudio/atom,1.492831406E9,GulajavaMinistudio,"""closed"""
PullRequestEvent,GulajavaMinistudio/atom,1.492831389E9,GulajavaMinistudio,"""opened"""
PullRequestEvent,GulajavaMinistudio/brew,1.492831681E9,GulajavaMinistudio,"""opened"""
PullRequestEvent,GulajavaMinistudio/brew,1.492831692E9,GulajavaMinistudio,"""closed"""
PullRequestEvent,GulajavaMinistudio/node,1.492831058E9,GulajavaMinistudio,"""closed"""
PullRequestEvent,GulajavaMinistudio/node,1.492831049E9,GulajavaMinistudio,"""opened"""
PullRequestEvent,GulajavaMinistudio/rust,1.492831045E9,GulajavaMinistudio,"""opened"""
PullRequestEvent,GulajavaMinistudio/rust,1.492831053E9,GulajavaMinistudio,"""closed"""
PullRequestEvent,GulajavaMinistudio/yarn,1.49283134E9,GulajavaMinistudio,"""closed"""
PullRequestEvent,GulajavaMinistudio/yarn,1.492831331E9,GulajavaMinistudio,"""opened"""
PullRequestEvent,captbaritone/winamp2-js,1.492832759E9,captbaritone,"""closed"""
PullRequestEvent,dougbtv/docker-asterisk,1.492830217E9,dougbtv,"""opened"""
PullRequestEvent,emmafherman/FreshSelect,1.492833305E9,peternabiswa,"""opened"""
PullRequestEvent,erikrose/more-itertools,1.492832325E9,bbayles,"""opened"""
PullRequestEvent,geolessel/react-phoenix,1.492832677E9,geolessel,"""closed"""
PullRequestEvent,herlitzj/CS362-004-SP17,1.492830125E9,herlitzj,"""closed"""
PullRequestEvent,hoaibkdn/OrderingSystem,1.492830048E9,ngotpquang,"""closed"""
PullRequestEvent,hoaibkdn/OrderingSystem,1.492830036E9,ngotpquang,"""opened"""
PullRequestEvent,objectivehtml/FlipClock,1.492831645E9,bradmkjr,"""opened"""
PullRequestEvent,objectivehtml/FlipClock,1.492831715E9,bradmkjr,"""closed"""
PullRequestEvent,peterpham94/TermProject,1.492832733E9,changr312,"""closed"""
PullRequestEvent,peterpham94/TermProject,1.492832723E9,changr312,"""opened"""
PullRequestEvent,quangtd95/busmanagement,1.492832289E9,quangtd95,"""closed"""
PullRequestEvent,quangtd95/busmanagement,1.492831585E9,quangtd95,"""opened"""
PullRequestEvent,quangtd95/busmanagement,1.492832312E9,quangtd95,"""opened"""
PullRequestEvent,redwannil/kylablearning,1.492831416E9,linjelly1989,"""opened"""
PullRequestEvent,redwannil/kylablearning,1.492830898E9,wind6868,"""opened"""
PullRequestEvent,redwannil/kylablearning,1.492830632E9,linjelly1989,"""opened"""
PullRequestEvent,redwannil/kylablearning,1.492830082E9,redwannil,"""closed"""
PullRequestEvent,redwannil/kylablearning,1.492830712E9,chenghanCHWU,"""opened"""
PullRequestEvent,redwannil/kylablearning,1.492831606E9,redwannil,"""closed"""
PullRequestEvent,redwannil/kylablearning,1.492831001E9,redwannil,"""opened"""
PullRequestEvent,redwannil/kylablearning,1.492831018E9,redwannil,"""opened"""
PullRequestEvent,redwannil/kylablearning,1.492830679E9,redwannil,"""closed"""
PullRequestEvent,redwannil/kylablearning,1.49283162E9,redwannil,"""closed"""
PullRequestEvent,redwannil/kylablearning,1.492830112E9,redwannil,"""closed"""
PullRequestEvent,redwannil/kylablearning,1.492831868E9,linjelly1989,"""closed"""
PullRequestEvent,redwannil/kylablearning,1.492830733E9,redwannil,"""closed"""
PullRequestEvent,redwannil/kylablearning,1.492830957E9,wind6868,"""closed"""
PullRequestEvent,redwannil/kylablearning,1.492831762E9,wind6868,"""opened"""
PullRequestEvent,redwannil/kylablearning,1.492831108E9,linjelly1989,"""opened"""
PullRequestEvent,redwannil/kylablearning,1.492830069E9,redwannil,"""opened"""
PullRequestEvent,ryan-bunker/Spoon-Knife,1.492833407E9,ryan-bunker,"""closed"""
PullRequestEvent,ryan-bunker/Spoon-Knife,1.492833359E9,ryan-bunker,"""opened"""
PullRequestEvent,topjohnwu/MagiskManager,1.492831553E9,SakuraSa233,"""opened"""
PullRequestEvent,zhanyang521/FishProject,1.492832471E9,zhanyang521,"""closed"""
PullRequestEvent,zhanyang521/FishProject,1.492832465E9,zhanyang521,"""opened"""
PullRequestEvent,DarleyGene/Common_Ground,1.49283219E9,DarleyGene,"""closed"""
PullRequestEvent,GulajavaMinistudio/agera,1.492832129E9,GulajavaMinistudio,"""closed"""
PullRequestEvent,GulajavaMinistudio/agera,1.492832118E9,GulajavaMinistudio,"""opened"""
PullRequestEvent,GulajavaMinistudio/spark,1.492831327E9,GulajavaMinistudio,"""closed"""
PullRequestEvent,GulajavaMinistudio/spark,1.492831307E9,GulajavaMinistudio,"""opened"""
PullRequestEvent,GulajavaMinistudio/swift,1.492831226E9,GulajavaMinistudio,"""opened"""
PullRequestEvent,GulajavaMinistudio/swift,1.492831242E9,GulajavaMinistudio,"""closed"""
PullRequestEvent,NicholasACTran/Fractran-,1.492831392E9,NicholasACTran,"""closed"""
PullRequestEvent,NicholasACTran/Fractran-,1.492831369E9,NicholasACTran,"""opened"""
PullRequestEvent,RenzoAlessan/holallalala,1.492830332E9,RenzoAlessan,"""closed"""
PullRequestEvent,RenzoAlessan/holallalala,1.49283031E9,RenzoAlessan,"""opened"""
PullRequestEvent,Xcesius/AutoFlaskManager,1.492832973E9,zaafar,"""closed"""
PullRequestEvent,YuryBandarchuk16/Fintech,1.492833544E9,Dogzik,"""closed"""
PullRequestEvent,YuryBandarchuk16/Fintech,1.492833514E9,Dogzik,"""opened"""
PullRequestEvent,chiaramdelucia/gitgirls2,1.492833209E9,cpsavva,"""opened"""
PullRequestEvent,chiaramdelucia/gitgirls2,1.492833213E9,cpsavva,"""closed"""
PullRequestEvent,felipetsantos/hellfireos,1.492832141E9,felipetsantos,"""opened"""
PullRequestEvent,imann24/diviii-portfolio,1.492832561E9,imann24,"""closed"""
PullRequestEvent,imann24/diviii-portfolio,1.492832557E9,imann24,"""opened"""
PullRequestEvent,jcrotty/travel-dashboard,1.492831849E9,alfred,"""opened"""
PullRequestEvent,jcrotty/travel-dashboard,1.492833223E9,jcrotty,"""closed"""
PullRequestEvent,jcrotty/travel-dashboard,1.492830393E9,Omniforce,"""closed"""
PullRequestEvent,johnhckuo/D3-Accelerator,1.49283063E9,kokokon,"""opened"""
PullRequestEvent,kllamitarey/Learning-Git,1.492830414E9,kllamitarey,"""closed"""
PullRequestEvent,kllamitarey/Learning-Git,1.492832486E9,gnomic7,"""opened"""
PullRequestEvent,kllamitarey/Learning-Git,1.492830172E9,gnomic7,"""opened"""
PullRequestEvent,kllamitarey/Learning-Git,1.492832753E9,kllamitarey,"""closed"""
PullRequestEvent,kqngo/tic-tac-toe-client,1.492832396E9,kqngo,"""closed"""
PullRequestEvent,kqngo/tic-tac-toe-client,1.492831062E9,kqngo,"""opened"""
PullRequestEvent,kqngo/tic-tac-toe-client,1.492832392E9,kqngo,"""opened"""
PullRequestEvent,kqngo/tic-tac-toe-client,1.492831067E9,kqngo,"""closed"""
PullRequestEvent,mbryzek/apidoc-generator,1.492832947E9,mbryzek,"""closed"""
PullRequestEvent,mbryzek/apidoc-generator,1.492832864E9,mbryzek,"""opened"""
PullRequestEvent,sundbe10/PlanetGuardians,1.492833543E9,sundbe10,"""closed"""
PullRequestEvent,sundbe10/PlanetGuardians,1.492833536E9,sundbe10,"""opened"""
PullRequestEvent,technicalvgda/Quarantine,1.492832431E9,PeterDvgda,"""opened"""
PullRequestEvent,tomusborne/generatepress,1.492831802E9,luizbills,"""closed"""
PullRequestEvent,vinaygaba/CreditCardView,1.492833052E9,vinaygaba,"""opened"""
PullRequestEvent,vinaygaba/CreditCardView,1.492833092E9,vinaygaba,"""closed"""
PullRequestEvent,z0mt3c/hapi-swaggered-ui,1.492830285E9,greenkeeperio-bot,"""opened"""
PullRequestEvent,GulajavaMinistudio/RxJava,1.4928319E9,GulajavaMinistudio,"""closed"""
PullRequestEvent,GulajavaMinistudio/RxJava,1.492831889E9,GulajavaMinistudio,"""opened"""
PullRequestEvent,GulajavaMinistudio/docker,1.492831222E9,GulajavaMinistudio,"""opened"""
PullRequestEvent,GulajavaMinistudio/docker,1.492831234E9,GulajavaMinistudio,"""closed"""
PullRequestEvent,GulajavaMinistudio/vscode,1.492830934E9,GulajavaMinistudio,"""closed"""
PullRequestEvent,GulajavaMinistudio/vscode,1.492830927E9,GulajavaMinistudio,"""opened"""
PullRequestEvent,JeremyFrankel/Python-Game,1.492831197E9,JeremyFrankel,"""opened"""
PullRequestEvent,Kalimaha/pacts-playground,1.492832576E9,Kalimaha,"""closed"""
PullRequestEvent,Kalimaha/pacts-playground,1.492830435E9,Kalimaha,"""closed"""
PullRequestEvent,Kalimaha/pacts-playground,1.492830431E9,Kalimaha,"""opened"""
PullRequestEvent,Kalimaha/pacts-playground,1.49283257E9,Kalimaha,"""opened"""
PullRequestEvent,MiguelCastillo/bit-loader,1.492832454E9,greenkeeper[bot],"""opened"""
PullRequestEvent,MiguelCastillo/bit-loader,1.492833029E9,MiguelCastillo,"""closed"""
PullRequestEvent,TobeDeveloper/lightingIoc,1.492832907E9,TobeDeveloper,"""opened"""
PullRequestEvent,TobeDeveloper/lightingIoc,1.492832915E9,TobeDeveloper,"""closed"""
PullRequestEvent,TobeDeveloper/lightingIoc,1.49283278E9,TobeDeveloper,"""closed"""
PullRequestEvent,TobeDeveloper/lightingIoc,1.492832773E9,TobeDeveloper,"""opened"""
PullRequestEvent,apphiamann/phase-0-tracks,1.492832907E9,apphiamann,"""closed"""
PullRequestEvent,apphiamann/phase-0-tracks,1.492832887E9,apphiamann,"""opened"""
PullRequestEvent,davlia/procedural-pokemon,1.492833083E9,jgao1995,"""closed"""
PullRequestEvent,egor-sorokin/api-s-python,1.49283264E9,egor-sorokin,"""opened"""
PullRequestEvent,egor-sorokin/api-s-python,1.492832648E9,egor-sorokin,"""closed"""
PullRequestEvent,estebansm14/regalandovida,1.492831868E9,estebansm14,"""opened"""
PullRequestEvent,estebansm14/regalandovida,1.492831918E9,estebansm14,"""closed"""
PullRequestEvent,hyperionmexico/chronosoft,1.49283137E9,inrumi,"""opened"""
PullRequestEvent,klanmiko/DataLoggerWebApp,1.492833037E9,klanmiko,"""closed"""
PullRequestEvent,kylehammond/EventHandling,1.49283003E9,kylehammond,"""closed"""
PullRequestEvent,marknabil/SFM-Visual-SLAM,1.492833389E9,Theo-,"""opened"""
PullRequestEvent,masutaka/masutaka-metrics,1.492831827E9,masutaka,"""closed"""
PullRequestEvent,merger0/ygopro-pre-script,1.492832321E9,merger0,"""closed"""
PullRequestEvent,merger0/ygopro-pre-script,1.492831188E9,merger0,"""opened"""
PullRequestEvent,merger0/ygopro-pre-script,1.49283231E9,merger0,"""opened"""
PullRequestEvent,merger0/ygopro-pre-script,1.492831216E9,merger0,"""closed"""
PullRequestEvent,rafaelcalves/tarefagalab1,1.492832415E9,rafaelcalves,"""closed"""
PullRequestEvent,ryanemax/angular-training,1.492831248E9,Jasonzhangjs,"""opened"""
PullRequestEvent,tiennh1995/vietnam_travel,1.492833395E9,tiennh1995,"""closed"""
PullRequestEvent,tiennh1995/vietnam_travel,1.492831848E9,tiennh1995,"""opened"""
PullRequestEvent,GulajavaMinistudio/angular,1.492831157E9,GulajavaMinistudio,"""closed"""
PullRequestEvent,GulajavaMinistudio/angular,1.492831148E9,GulajavaMinistudio,"""opened"""
PullRequestEvent,GulajavaMinistudio/flutter,1.492831335E9,GulajavaMinistudio,"""closed"""
PullRequestEvent,GulajavaMinistudio/flutter,1.492831321E9,GulajavaMinistudio,"""opened"""
PullRequestEvent,GulajavaMinistudio/laravel,1.492832131E9,GulajavaMinistudio,"""closed"""
PullRequestEvent,GulajavaMinistudio/laravel,1.492832121E9,GulajavaMinistudio,"""opened"""
PullRequestEvent,GulajavaMinistudio/symfony,1.492831513E9,GulajavaMinistudio,"""opened"""
PullRequestEvent,GulajavaMinistudio/symfony,1.492831627E9,GulajavaMinistudio,"""closed"""
PullRequestEvent,at-hautran/FinalProjectSch,1.492833446E9,at-hautran,"""opened"""
PullRequestEvent,at-hautran/FinalProjectSch,1.492833435E9,at-hautran,"""opened"""
PullRequestEvent,bfuller123/Basic-Portfolio,1.49283143E9,bfuller123,"""closed"""
PullRequestEvent,bfuller123/Basic-Portfolio,1.492831421E9,bfuller123,"""opened"""
PullRequestEvent,cehfisher/a11y-style-guide,1.49283264E9,cehfisher,"""closed"""
PullRequestEvent,cehfisher/a11y-style-guide,1.492832636E9,cehfisher,"""opened"""
PullRequestEvent,chrisspen/eod-requirements,1.4928303E9,pyup-bot,"""opened"""
PullRequestEvent,ckaznocha/go-JWTBearerware,1.49283268E9,ckaznocha,"""closed"""
PullRequestEvent,ckaznocha/go-JWTBearerware,1.492832168E9,ckaznocha,"""opened"""
PullRequestEvent,elijahantoine/WeatherRecs-,1.492832616E9,nicholehayes,"""opened"""
PullRequestEvent,epicmiller/marchforscience,1.492832029E9,ichthyos,"""opened"""
PullRequestEvent,magnumripper/JohnTheRipper,1.492831071E9,e-ago,"""opened"""
PullRequestEvent,offirgolan/ember-parachute,1.492832714E9,poteto,"""closed"""
PullRequestEvent,patricio-hdz/ProdArch_2017,1.492831276E9,patricio-hdz,"""closed"""
PullRequestEvent,rohanjoshi7599/hello-world,1.492830799E9,rohanjoshi7599,"""opened"""
PullRequestEvent,rohanjoshi7599/hello-world,1.492830812E9,rohanjoshi7599,"""closed"""
PullRequestEvent,rolandshoemaker/docker-hsm,1.49283119E9,darkedges,"""opened"""
PullRequestEvent,silviaJI/online-book-store,1.492832542E9,leonaxiongxin,"""opened"""
PullRequestEvent,tangziyi001/DS1001-Project,1.492833072E9,fangshuai53,"""opened"""
PullRequestEvent,timothycrosley/hug_website,1.492832256E9,timothycrosley,"""closed"""
PullRequestEvent,timothycrosley/hug_website,1.492832245E9,timothycrosley,"""opened"""
PullRequestEvent,timothycrosley/hug_website,1.492832183E9,timothycrosley,"""closed"""
PullRequestEvent,timothycrosley/hug_website,1.492832165E9,timothycrosley,"""closed"""
PullRequestEvent,yutakamezaki/questionnaire,1.492830992E9,yutakamezaki,"""opened"""
PullRequestEvent,yutakamezaki/questionnaire,1.492831336E9,yutakamezaki,"""opened"""
PullRequestEvent,GulajavaMinistudio/material,1.492831629E9,GulajavaMinistudio,"""closed"""
PullRequestEvent,GulajavaMinistudio/material,1.492831504E9,GulajavaMinistudio,"""opened"""
PullRequestEvent,KirillKudaev/PrinCraigslist,1.492833479E9,KirillKudaev,"""opened"""
PullRequestEvent,KirillKudaev/PrinCraigslist,1.492833495E9,KirillKudaev,"""closed"""
PullRequestEvent,MikeyYeahYeah/clojure-koans,1.492830139E9,MikeyYeahYeah,"""opened"""
PullRequestEvent,MikeyYeahYeah/clojure-koans,1.492830912E9,MikeyYeahYeah,"""opened"""
PullRequestEvent,MitchSmoot/devcamp-porfolio,1.492830837E9,MitchSmoot,"""opened"""
PullRequestEvent,MitchSmoot/devcamp-porfolio,1.492830868E9,MitchSmoot,"""closed"""
PullRequestEvent,anubhagaur/hello-world-test,1.492830059E9,anubhagaur,"""closed"""
PullRequestEvent,anubhagaur/hello-world-test,1.492830024E9,anubhagaur,"""opened"""
PullRequestEvent,brandonawylie/karma-backend,1.492832797E9,brandonawylie,"""opened"""
PullRequestEvent,fabalcu97/IS2_Trabajo_Final,1.492833126E9,FlechitUp,"""opened"""
PullRequestEvent,fabalcu97/IS2_Trabajo_Final,1.492833578E9,fabalcu97,"""closed"""
PullRequestEvent,iteratorlee/table_extension,1.492831642E9,iteratorlee,"""opened"""
PullRequestEvent,iteratorlee/table_extension,1.492831647E9,iteratorlee,"""closed"""
PullRequestEvent,karthikeyangaan/hello-world,1.492831974E9,karthikeyangaan,"""opened"""
PullRequestEvent,karthikeyangaan/hello-world,1.492831983E9,karthikeyangaan,"""closed"""
PullRequestEvent,wwcao/csci_ecen4593_project,1.492832617E9,trsteve,"""opened"""
PullRequestEvent,ysmintor/Android-PickerView,1.492830707E9,ysmintor,"""closed"""
PullRequestEvent,ysmintor/Android-PickerView,1.492830701E9,ysmintor,"""opened"""
PullRequestEvent,GulajavaMinistudio/bootstrap,1.492831508E9,GulajavaMinistudio,"""opened"""
PullRequestEvent,GulajavaMinistudio/bootstrap,1.492831631E9,GulajavaMinistudio,"""closed"""
PullRequestEvent,Jaster4000a/Bus-Loop-Display,1.492833476E9,Marsfan,"""opened"""
PullRequestEvent,JustinFincher/BoardForGitHub,1.492831993E9,JustinFincher,"""closed"""
PullRequestEvent,JustinFincher/BoardForGitHub,1.492831987E9,JustinFincher,"""opened"""
PullRequestEvent,LaurentiumWYLi/kylablearning,1.49283041E9,LaurentiumWYLi,"""opened"""
PullRequestEvent,benhowell/react-grid-gallery,1.492830756E9,benhowell,"""closed"""
PullRequestEvent,chenxiaolong/DualBootPatcher,1.492833584E9,chenxiaolong,"""closed"""
PullRequestEvent,foray1010/Popup-my-Bookmarks,1.492832193E9,foray1010,"""closed"""
PullRequestEvent,life4ants/Studio-11-game-dev,1.492831525E9,life4ants,"""opened"""
PullRequestEvent,maxhouck/ECE3220FinalProject,1.492830586E9,maxhouck,"""closed"""
PullRequestEvent,nassarhuda/MatrixNetworks.jl,1.492830338E9,musm,"""closed"""
PullRequestEvent,paulzwu/NSC-AD410-TIP-GROUP2,1.492831563E9,joseph-sayler,"""closed"""
PullRequestEvent,paulzwu/NSC-AD410-TIP-GROUP2,1.492830264E9,joseph-sayler,"""opened"""
PullRequestEvent,paulzwu/NSC-AD410-TIP-GROUP2,1.492831534E9,joseph-sayler,"""opened"""
PullRequestEvent,pbrink231/plex_top_playlists,1.492832797E9,pbrink231,"""closed"""
PullRequestEvent,pbrink231/plex_top_playlists,1.492832928E9,pbrink231,"""closed"""
PullRequestEvent,pbrink231/plex_top_playlists,1.492832938E9,pbrink231,"""closed"""
PullRequestEvent,ser316asu/Borsigwalde_SER316,1.492830559E9,mcilibra,"""opened"""
PullRequestEvent,GulajavaMinistudio/TypeScript,1.492831007E9,GulajavaMinistudio,"""closed"""
PullRequestEvent,GulajavaMinistudio/TypeScript,1.492830993E9,GulajavaMinistudio,"""opened"""
PullRequestEvent,GulajavaMinistudio/angular.js,1.492831435E9,GulajavaMinistudio,"""opened"""
PullRequestEvent,GulajavaMinistudio/angular.js,1.492831444E9,GulajavaMinistudio,"""closed"""
PullRequestEvent,GulajavaMinistudio/kubernetes,1.492830964E9,GulajavaMinistudio,"""opened"""
PullRequestEvent,GulajavaMinistudio/kubernetes,1.492830973E9,GulajavaMinistudio,"""closed"""
PullRequestEvent,GulajavaMinistudio/ngx-charts,1.492832023E9,GulajavaMinistudio,"""opened"""
PullRequestEvent,GulajavaMinistudio/ngx-charts,1.492832034E9,GulajavaMinistudio,"""closed"""
PullRequestEvent,GulajavaMinistudio/tensorflow,1.492831217E9,GulajavaMinistudio,"""opened"""
PullRequestEvent,GulajavaMinistudio/tensorflow,1.49283123E9,GulajavaMinistudio,"""closed"""
PullRequestEvent,altodd/WhenInDoubtCYourWayOut,1.492830511E9,aliwarsi,"""opened"""
PullRequestEvent,btmills/eslint-config-btmills,1.492831471E9,btmills,"""opened"""
PullRequestEvent,btmills/eslint-config-btmills,1.492831668E9,btmills,"""closed"""
PullRequestEvent,freyo/flysystem-qcloud-cos-v3,1.492831585E9,freyo,"""opened"""
PullRequestEvent,freyo/flysystem-qcloud-cos-v3,1.492831977E9,freyo,"""closed"""
PullRequestEvent,freyo/flysystem-qcloud-cos-v4,1.49283198E9,freyo,"""closed"""
PullRequestEvent,freyo/flysystem-qcloud-cos-v4,1.492831583E9,freyo,"""opened"""
PullRequestEvent,gelopfalcon/app_sarapiqui_una,1.492833432E9,ruben2807,"""opened"""
PullRequestEvent,genhernandez/FreeingOurselves,1.492833525E9,hmusson,"""opened"""
PullRequestEvent,guilhermejacintho/hello-world,1.492831797E9,guilhermejacintho,"""opened"""
PullRequestEvent,guilhermejacintho/hello-world,1.492831832E9,guilhermejacintho,"""closed"""
PullRequestEvent,ikedam/backend-update-center2,1.492830271E9,ikedam,"""closed"""
PullRequestEvent,jorgecabane93/paperattendance,1.492831568E9,silva8,"""opened"""
PullRequestEvent,jorgecabane93/paperattendance,1.49283164E9,jorgecabane93,"""closed"""
PullRequestEvent,keyanzhang/identity-obj-proxy,1.49283132E9,JaKXz,"""closed"""
PullRequestEvent,kooldawgstar/FlairYourPostBot,1.492833466E9,kooldawgstar,"""closed"""
PullRequestEvent,lonelyclick/react-loading-bar,1.492831468E9,lonelyclick,"""closed"""
PullRequestEvent,master-editor/cbmak.github.io,1.49283194E9,master-editor,"""closed"""
PullRequestEvent,master-editor/cbmak.github.io,1.492831861E9,waffle-iron,"""opened"""
PullRequestEvent,nathanko711/umlbathroomfinder,1.492832763E9,Mello244688,"""closed"""
PullRequestEvent,nathanko711/umlbathroomfinder,1.492832986E9,Mello244688,"""opened"""
PullRequestEvent,nathanko711/umlbathroomfinder,1.492832695E9,Mello244688,"""opened"""
PullRequestEvent,notwaldorf/tiny-care-terminal,1.492833474E9,KernelDeimos,"""opened"""
PullRequestEvent,FranciscoDumont/funcional-fest,1.492831048E9,FranciscoDumont,"""closed"""
PullRequestEvent,FranciscoDumont/funcional-fest,1.492831027E9,FranciscoDumont,"""opened"""
PullRequestEvent,GulajavaMinistudio/angular-cli,1.492831447E9,GulajavaMinistudio,"""closed"""
PullRequestEvent,GulajavaMinistudio/angular-cli,1.492831438E9,GulajavaMinistudio,"""opened"""
PullRequestEvent,GulajavaMinistudio/public-apis,1.492832074E9,GulajavaMinistudio,"""closed"""
PullRequestEvent,GulajavaMinistudio/public-apis,1.492832062E9,GulajavaMinistudio,"""opened"""
PullRequestEvent,anoushkavaswani/phase-0-tracks,1.49283324E9,anoushkavaswani,"""closed"""
PullRequestEvent,anoushkavaswani/phase-0-tracks,1.492833236E9,anoushkavaswani,"""opened"""
PullRequestEvent,caoimheharvey/HubLinked-Portal,1.492830218E9,caoimheharvey,"""opened"""
PullRequestEvent,caoimheharvey/HubLinked-Portal,1.492830224E9,caoimheharvey,"""closed"""
PullRequestEvent,celloalex/Library-Card-Catalog,1.492830282E9,celloalex,"""opened"""
PullRequestEvent,danvaros/visualizadorObjetivos,1.492831397E9,danvaros,"""opened"""
PullRequestEvent,danvaros/visualizadorObjetivos,1.492831404E9,danvaros,"""closed"""
PullRequestEvent,jonesbrianc26/brian-jones.tech,1.492831262E9,jonesbrianc26,"""opened"""
PullRequestEvent,jonesbrianc26/brian-jones.tech,1.492831272E9,jonesbrianc26,"""closed"""
PullRequestEvent,nishantmalaiya/AapkaTradeBuyer,1.492833354E9,Mulayam,"""opened"""
PullRequestEvent,nishantmalaiya/AapkaTradeBuyer,1.492833422E9,Mulayam,"""closed"""
PullRequestEvent,panzerama/NSC-AD410-TIP-GROUP1,1.492832002E9,brysongood,"""closed"""
PullRequestEvent,panzerama/NSC-AD410-TIP-GROUP1,1.492831969E9,brysongood,"""opened"""
PullRequestEvent,brianr27/dollarscholars-website,1.492832553E9,brianr27,"""closed"""
PullRequestEvent,brianr27/dollarscholars-website,1.492832536E9,brianr27,"""opened"""
PullRequestEvent,direwolf-github/my-app-0e0c6c92,1.492831265E9,direwolf-github,"""opened"""
PullRequestEvent,direwolf-github/my-app-0e0c6c92,1.492831329E9,direwolf-github,"""closed"""
PullRequestEvent,direwolf-github/my-app-204f9b4e,1.492831328E9,direwolf-github,"""closed"""
PullRequestEvent,direwolf-github/my-app-204f9b4e,1.492831265E9,direwolf-github,"""opened"""
PullRequestEvent,direwolf-github/my-app-4829e2a6,1.492832206E9,direwolf-github,"""closed"""
PullRequestEvent,direwolf-github/my-app-4829e2a6,1.492832194E9,direwolf-github,"""opened"""
PullRequestEvent,direwolf-github/my-app-5b29390d,1.492833453E9,direwolf-github,"""opened"""
PullRequestEvent,direwolf-github/my-app-5b29390d,1.492833465E9,direwolf-github,"""closed"""
PullRequestEvent,direwolf-github/my-app-d6745c32,1.492832524E9,direwolf-github,"""opened"""
PullRequestEvent,direwolf-github/my-app-d6745c32,1.492832536E9,direwolf-github,"""closed"""
PullRequestEvent,direwolf-github/my-app-d8e54ba6,1.492831593E9,direwolf-github,"""opened"""
PullRequestEvent,direwolf-github/my-app-d8e54ba6,1.492831605E9,direwolf-github,"""closed"""
PullRequestEvent,direwolf-github/my-app-dc42861a,1.492832197E9,direwolf-github,"""opened"""
PullRequestEvent,direwolf-github/my-app-dc42861a,1.492832229E9,direwolf-github,"""closed"""
PullRequestEvent,direwolf-github/my-app-fb230e99,1.492833124E9,direwolf-github,"""opened"""
PullRequestEvent,direwolf-github/my-app-fb230e99,1.492833177E9,direwolf-github,"""closed"""
PullRequestEvent,elephantworks/DLND_Project_4_v2,1.492831091E9,cclauss,"""opened"""
PullRequestEvent,jmcclu23/MovieRentalApplication,1.492833081E9,jmcclu23,"""opened"""
PullRequestEvent,technicalvgda/HacknSlashShooter,1.492832111E9,sesamy,"""opened"""
PullRequestEvent,GermaniU/ProyectoSolucionesIDMVC,1.492833445E9,GermaniU,"""opened"""
PullRequestEvent,GermaniU/ProyectoSolucionesIDMVC,1.492833497E9,GermaniU,"""opened"""
PullRequestEvent,cgunther13/stat230-final-project,1.49283192E9,cgunther13,"""closed"""
PullRequestEvent,cgunther13/stat230-final-project,1.492831939E9,cgunther13,"""closed"""
PullRequestEvent,cgunther13/stat230-final-project,1.492831915E9,cgunther13,"""opened"""
PullRequestEvent,noahmilstein/code_wars_solutions,1.492830999E9,noahmilstein,"""closed"""
PullRequestEvent,noahmilstein/code_wars_solutions,1.492830993E9,noahmilstein,"""opened"""
PullRequestEvent,williamsumitro/AndroidProject404,1.492830337E9,KelvinChen1996,"""opened"""
PullRequestEvent,UndefinedOffset/SortableGridField,1.492830071E9,patricknelson,"""opened"""
PullRequestEvent,jayesh15111988/JKWayfairPriceGame,1.492831496E9,jayesh15111988,"""closed"""
PullRequestEvent,linseyo/autogenics-client-project,1.492830903E9,linseyo,"""opened"""
PullRequestEvent,linseyo/autogenics-client-project,1.492831202E9,pjc5108,"""closed"""
PullRequestEvent,monitorjbl/excel-streaming-reader,1.492832141E9,monitorjbl,"""closed"""
PullRequestEvent,ChristopherSandoval/VoiceDirectory,1.492830069E9,ChristopherSandoval,"""closed"""
PullRequestEvent,ChristopherSandoval/VoiceDirectory,1.492830061E9,ChristopherSandoval,"""opened"""
PullRequestEvent,GulajavaMinistudio/easypermissions,1.492832468E9,GulajavaMinistudio,"""opened"""
PullRequestEvent,GulajavaMinistudio/easypermissions,1.49283249E9,GulajavaMinistudio,"""closed"""
PullRequestEvent,fire/ifires_sunshine_battleacademy,1.492832389E9,djdduty,"""opened"""
PullRequestEvent,irishsheila/SoftwareDevProject3308,1.492831727E9,rambon99,"""opened"""
PullRequestEvent,midgetspy/sb_tvdb_scene_exceptions,1.492830249E9,VeNoMouS,"""opened"""
PullRequestEvent,Ben21hao/edx-app-ios-enterprise-new,1.492830434E9,Ben21hao,"""closed"""
PullRequestEvent,GulajavaMinistudio/jackson-databind,1.492831973E9,GulajavaMinistudio,"""opened"""
PullRequestEvent,GulajavaMinistudio/jackson-databind,1.492831979E9,GulajavaMinistudio,"""closed"""
PullRequestEvent,RESO-RETS/RESOWebAPIReferenceClient,1.492833459E9,sschuessler,"""opened"""
PullRequestEvent,chinedualumba/right-choice-contract,1.492830655E9,chinedualumba,"""closed"""
PullRequestEvent,claudiosanches/woocommerce-correios,1.492832193E9,marksabbath,"""opened"""
PullRequestEvent,quazemo/web-intern-coding-challenge,1.492830405E9,quazemo,"""closed"""
PullRequestEvent,quazemo/web-intern-coding-challenge,1.492830401E9,quazemo,"""opened"""
PullRequestEvent,quazemo/web-intern-coding-challenge,1.492830146E9,quazemo,"""closed"""
PullRequestEvent,quazemo/web-intern-coding-challenge,1.49283014E9,quazemo,"""opened"""
PullRequestEvent,GulajavaMinistudio/developer-roadmap,1.492831812E9,GulajavaMinistudio,"""opened"""
PullRequestEvent,drskinner/tierceron-construction-set,1.492831776E9,drskinner,"""opened"""
PullRequestEvent,drskinner/tierceron-construction-set,1.49283179E9,drskinner,"""closed"""
PullRequestEvent,gregswindle/generator-vz-lib-android,1.492833036E9,greenkeeper[bot],"""opened"""
PullRequestEvent,KarunAhluwalia/Social-Networking-Site,1.492832648E9,JarVanLu,"""closed"""
PullRequestEvent,KarunAhluwalia/Social-Networking-Site,1.49283264E9,JarVanLu,"""opened"""
PullRequestEvent,chadhietala/babel-plugin-debug-macros,1.492831298E9,rwjblue,"""opened"""
PullRequestEvent,crystal-codes/crystal-codes.github.io,1.492832656E9,crystal-codes,"""closed"""
PullRequestEvent,crystal-codes/crystal-codes.github.io,1.492832402E9,crystal-codes,"""opened"""
PullRequestEvent,crystal-codes/crystal-codes.github.io,1.492832454E9,crystal-codes,"""closed"""
PullRequestEvent,crystal-codes/crystal-codes.github.io,1.49283265E9,crystal-codes,"""opened"""
PullRequestEvent,esanchezUtn/2017_1C_3051_TWISTED_CHANO,1.49283268E9,esanchezUtn,"""closed"""
PullRequestEvent,esanchezUtn/2017_1C_3051_TWISTED_CHANO,1.492832672E9,esanchezUtn,"""opened"""
PullRequestEvent,joelalejandro/feathers-hooks-jsonapify,1.492831631E9,joelalejandro,"""opened"""
PullRequestEvent,joelalejandro/feathers-hooks-jsonapify,1.492830196E9,joelalejandro,"""closed"""
PullRequestEvent,joelalejandro/feathers-hooks-jsonapify,1.492831637E9,joelalejandro,"""closed"""
PullRequestEvent,joelalejandro/feathers-hooks-jsonapify,1.492830185E9,joelalejandro,"""opened"""
PullRequestEvent,iykequame/android_device_tecno_tecno_w4,1.492831817E9,iykequame,"""opened"""
PullRequestEvent,matt-filion/serverless-external-s3-event,1.492833148E9,nitely,"""opened"""
PullRequestEvent,marlbones/CFA-Term-2-Major-Project-Hamper,1.492830037E9,marlbones,"""closed"""
PullRequestEvent,marlbones/CFA-Term-2-Major-Project-Hamper,1.492830031E9,marlbones,"""opened"""
PullRequestEvent,groupdocs-viewer/GroupDocs.Viewer-for-.NET,1.49283148E9,usmanazizgroupdocs,"""opened"""
PullRequestEvent,groupdocs-viewer/GroupDocs.Viewer-for-.NET,1.492831487E9,usmanazizgroupdocs,"""closed"""
PullRequestEvent,GodHatesBaguettes/GodHatesBaguettes.github.io,1.492830959E9,GodHatesBaguettes,"""opened"""
PullRequestEvent,GodHatesBaguettes/GodHatesBaguettes.github.io,1.492831341E9,GodHatesBaguettes,"""opened"""
PullRequestEvent,GodHatesBaguettes/GodHatesBaguettes.github.io,1.492830985E9,GodHatesBaguettes,"""closed"""
PullRequestEvent,GodHatesBaguettes/GodHatesBaguettes.github.io,1.492831382E9,GodHatesBaguettes,"""closed"""
PullRequestEvent,GulajavaMinistudio/RecyclerView-FlexibleDivider,1.492832472E9,GulajavaMinistudio,"""opened"""
PullRequestEvent,GulajavaMinistudio/RecyclerView-FlexibleDivider,1.492832479E9,GulajavaMinistudio,"""closed"""
PullRequestEvent,lmasello/Tp-Taller-de-Programacion-2-Shared-Server,1.492831541E9,lmasello,"""opened"""
PullRequestEvent,markellisdev/NSS-ModernFrameworks-EX-MushroomMania,1.492832486E9,markellisdev,"""closed"""
PullRequestEvent,markellisdev/NSS-ModernFrameworks-EX-MushroomMania,1.492832453E9,markellisdev,"""opened"""
PullRequestEvent,miketestgit01/Bash_Directory_CLOC-Count-Lines-of-Program,1.492830527E9,MichaelDimmitt-Starred,"""opened"""
PullRequestEvent,rails/rails,1.492832333E9,y-yagi,"""opened"""
PullRequestEvent,alphasights/ember-graphql-adapter,1.492833145E9,delkopiso,"""closed"""
PullRequestEvent,alphasights/ember-graphql-adapter,1.492833145E9,delkopiso,"""closed"""
PullRequestEvent,apache/mahout,1.492831878E9,rawkintrevo,"""opened"""
PullRequestEvent,Yelp/puppetlabs-postgresql,1.492832038E9,y-trobinso,"""opened"""
PullRequestEvent,twitter/scalding,1.492832449E9,johnynek,"""opened"""
PullRequestEvent,eclipse/birt,1.492832067E9,rrimmana,"""opened"""
PullRequestEvent,facebook/rocksdb,1.492832897E9,facebook-github-bot,"""closed"""
PullRequestEvent,facebook/rocksdb,1.492832815E9,lightmark,"""opened"""
PullRequestEvent,facebook/react-native,1.492831017E9,gwmccull,"""opened"""
PullRequestEvent,Elgg/Elgg,1.492830493E9,mrclay,"""closed"""
PullRequestEvent,Elgg/Elgg,1.492831215E9,mrclay,"""opened"""
PullRequestEvent,antlr/grammars-v4,1.492830617E9,teverett,"""closed"""
PullRequestEvent,antlr/grammars-v4,1.492830609E9,teverett,"""closed"""
PullRequestEvent,antlr/grammars-v4,1.492833388E9,teverett,"""opened"""
PullRequestEvent,antlr/grammars-v4,1.492830612E9,teverett,"""reopened"""
PullRequestEvent,OWASP/owasp-summit-2017,1.49283243E9,infosecdad,"""opened"""
PullRequestEvent,appian/hackathons,1.492831963E9,FuadBalashov,"""opened"""
PullRequestEvent,appian/hackathons,1.492832328E9,FuadBalashov,"""closed"""
PullRequestEvent,tedconf/js-crushinator-helpers,1.492832507E9,redoPop,"""closed"""
PullRequestEvent,tedconf/js-crushinator-helpers,1.492832501E9,redoPop,"""opened"""
PullRequestEvent,playframework/playframework,1.492831653E9,gmethvin,"""opened"""
PullRequestEvent,scikit-learn/scikit-learn,1.492831439E9,qinhanmin2014,"""opened"""
PullRequestEvent,musescore/MuseScore,1.492831889E9,ericfont,"""opened"""
PullRequestEvent,bmya/docker-odoo-adhoc,1.492832605E9,falconsoft3d,"""opened"""
PullRequestEvent,chain/chain,1.492830814E9,chainbot,"""closed"""
PullRequestEvent,chain/chain,1.492830986E9,chainbot,"""closed"""
PullRequestEvent,qgis/QGIS,1.492832093E9,NathanW2,"""closed"""
PullRequestEvent,Asymmetrik/leaflet-d3,1.492831533E9,reblace,"""opened"""
PullRequestEvent,Asymmetrik/leaflet-d3,1.492831593E9,reblace,"""closed"""
PullRequestEvent,mne-tools/mne-cpp,1.492830265E9,Eric89GXL,"""opened"""
PullRequestEvent,JarvusInnovations/emergence-skeleton,1.492830195E9,nbey,"""opened"""
PullRequestEvent,JarvusInnovations/emergence-skeleton,1.492830064E9,nbey,"""closed"""
PullRequestEvent,JuliaLang/julia,1.492831091E9,musm,"""opened"""
PullRequestEvent,JuliaLang/METADATA.jl,1.492831664E9,sbromberger,"""closed"""
PullRequestEvent,hashicorp/terraform,1.492831137E9,bclodius,"""opened"""
PullRequestEvent,bigbinary/wheel,1.492831433E9,neerajdotname,"""opened"""
PullRequestEvent,cylc/cylc,1.492831582E9,hjoliver,"""closed"""
PullRequestEvent,infosiftr/hocker,1.492830473E9,tianon,"""opened"""
PullRequestEvent,OptimalBits/bull,1.492830691E9,ianstormtaylor,"""opened"""
PullRequestEvent,Theano/Theano,1.492832921E9,nouiz,"""closed"""
PullRequestEvent,ceph/ceph,1.49283281E9,yuyuyu101,"""closed"""
PullRequestEvent,atom/one-dark-ui,1.492832052E9,simurai,"""opened"""
PullRequestEvent,atom/one-light-ui,1.492831885E9,simurai,"""opened"""
PullRequestEvent,appveyor/website,1.492832681E9,FeodorFitsner,"""closed"""
PullRequestEvent,bndtools/bnd,1.492831885E9,bjhargrave,"""closed"""
PullRequestEvent,emberjs/data,1.492832329E9,runspired,"""opened"""
PullRequestEvent,nfl/react-wildcat,1.492832626E9,doctyper,"""opened"""
PullRequestEvent,Devbootcamp/phase-0-tracks,1.492832227E9,apphiamann,"""opened"""
PullRequestEvent,MovingBlocks/Terasology,1.492831678E9,Cervator,"""closed"""
PullRequestEvent,everything2/everything2,1.492830068E9,jaybonci,"""opened"""
PullRequestEvent,everything2/everything2,1.492830596E9,jaybonci,"""closed"""
PullRequestEvent,everything2/everything2,1.492830592E9,jaybonci,"""opened"""
PullRequestEvent,everything2/everything2,1.492830074E9,jaybonci,"""closed"""
PullRequestEvent,google/gopacket,1.492832917E9,rouzier,"""opened"""
PullRequestEvent,nerves-project/nerves,1.492830403E9,mobileoverlord,"""closed"""
PullRequestEvent,Homebrew/homebrew-core,1.49283033E9,tsroten,"""opened"""
PullRequestEvent,python/cpython,1.492833424E9,cocoatomo,"""opened"""
PullRequestEvent,qiniu/csharp-sdk,1.492831747E9,jemygraw,"""opened"""
PullRequestEvent,amahi/android,1.492831985E9,cpg,"""closed"""
PullRequestEvent,KhronosGroup/glslang,1.492832042E9,dgkoch,"""opened"""
PullRequestEvent,clouway/oauth2-server,1.492833573E9,mgenov,"""closed"""
PullRequestEvent,libretro/gambatte-libretro,1.492833374E9,sergiobenrocha2,"""opened"""
PullRequestEvent,udacity/cn-udacity-talks,1.492831353E9,caochenwei,"""closed"""
PullRequestEvent,udacity/create-your-own-adventure,1.492830246E9,wpankow,"""opened"""
PullRequestEvent,PX4/Firmware,1.492831633E9,crashmatt,"""reopened"""
PullRequestEvent,PX4/Firmware,1.492833039E9,davids5,"""opened"""
PullRequestEvent,framgia/fels_236,1.492832726E9,ducanhdhtb,"""opened"""
PullRequestEvent,Double-Fine-Game-Club/pongball,1.492830534E9,fragmental,"""opened"""
PullRequestEvent,Double-Fine-Game-Club/amnesia-adventure,1.492830394E9,Cheeseness,"""closed"""
PullRequestEvent,servo/servo,1.492832135E9,cbrewster,"""closed"""
PullRequestEvent,savoirfairelinux/cukinia,1.492832123E9,joufella,"""opened"""
PullRequestEvent,GoogleCloudPlatform/community,1.492833317E9,tswast,"""opened"""
PullRequestEvent,rfcx/rfcx.org-weirwood,1.492832431E9,dylanb124,"""opened"""
PullRequestEvent,openstack-infra/jenkins-job-builder,1.492831663E9,ranjitkumar518,"""opened"""
PullRequestEvent,twbs/bootstrap,1.4928331E9,mdo,"""closed"""
PullRequestEvent,opensciencegrid/osg-configure,1.492831251E9,matyasselmeci,"""closed"""
PullRequestEvent,appium/ruby_lib,1.492830719E9,KazuCocoa,"""closed"""
PullRequestEvent,KiCad/kicad-library,1.492830392E9,n0dyjeff,"""closed"""
PullRequestEvent,KiCad/kicad-library,1.492830453E9,n0dyjeff,"""closed"""
PullRequestEvent,LLK/scratch-render,1.492833066E9,a49594a,"""opened"""
PullRequestEvent,mesosphere/etcd-mesos,1.492833016E9,jdef,"""closed"""
PullRequestEvent,coreos/mantle,1.492830016E9,euank,"""closed"""
PullRequestEvent,Juniper/ansible-junos-stdlib,1.492831689E9,stacywsmith,"""closed"""
PullRequestEvent,Juniper/ansible-junos-stdlib,1.492830469E9,stacywsmith,"""opened"""
PullRequestEvent,ebean-orm/ebean,1.492832926E9,rbygrave,"""closed"""
PullRequestEvent,ebean-orm/ebean,1.492832545E9,rbygrave,"""closed"""
PullRequestEvent,ebean-orm/ebean,1.492832637E9,rbygrave,"""closed"""
PullRequestEvent,sugarlabs/sugar-docs,1.492830059E9,walterbender,"""opened"""
PullRequestEvent,sugarlabs/sugar-docs,1.492830122E9,quozl,"""closed"""
PullRequestEvent,sugarlabs/hello-world-fork,1.492831278E9,quozl,"""closed"""
PullRequestEvent,sugarlabs/hello-world-fork,1.492830365E9,walterbender,"""opened"""
PullRequestEvent,macports/macports-ports,1.492830336E9,l2dy,"""opened"""
PullRequestEvent,golang/dep,1.492832879E9,sdboyer,"""closed"""
PullRequestEvent,CleverRaven/Cataclysm-DDA,1.492833458E9,BrettDong,"""closed"""
PullRequestEvent,uwcirg/true_nth_usa_portal,1.492830049E9,achen2401,"""opened"""
PullRequestEvent,TheOdinProject/curriculum,1.492830112E9,Lorrie01,"""opened"""
PullRequestEvent,TheOdinProject/curriculum,1.492833411E9,Grey-Ghost,"""opened"""
PullRequestEvent,NodeBB/NodeBB,1.492831996E9,barisusakli,"""closed"""
PullRequestEvent,cloudmesh/cloudmesh.mesos,1.492832626E9,anurag2301,"""opened"""
PullRequestEvent,cloudmesh/cloudmesh.mesos,1.492832727E9,pratik11jain,"""closed"""
PullRequestEvent,saltstack-formulas/vim-formula,1.49283012E9,BrandonIngalls,"""opened"""
PullRequestEvent,scipy-conference/procbuild,1.492832009E9,stefanv,"""closed"""
PullRequestEvent,scipy-conference/procbuild,1.492832009E9,stefanv,"""closed"""
PullRequestEvent,ResurrectionRemix/android_frameworks_base,1.492832062E9,varund7726,"""closed"""
PullRequestEvent,FormidableLabs/victory-docs,1.49283248E9,chrisbolin,"""opened"""
PullRequestEvent,jwplayer/jwalk,1.492831804E9,dshore,"""closed"""
PullRequestEvent,jwplayer/jwalk,1.492830834E9,dshore,"""closed"""
PullRequestEvent,code-dot-org/code-dot-org,1.492832115E9,ashercodeorg,"""closed"""
PullRequestEvent,manjaro/packages-core,1.492831751E9,Pointedstick,"""opened"""
PullRequestEvent,libqueso/queso,1.492831899E9,dmcdougall,"""closed"""
PullRequestEvent,keybase/kbfs,1.492833105E9,strib,"""closed"""
PullRequestEvent,rust-lang/rust,1.49283081E9,frewsxcv,"""opened"""
PullRequestEvent,rust-lang/rust,1.492831731E9,frewsxcv,"""closed"""
PullRequestEvent,rust-lang/rust,1.492830892E9,frewsxcv,"""reopened"""
PullRequestEvent,rust-lang/rust,1.492830778E9,frewsxcv,"""closed"""
PullRequestEvent,rust-lang/rust,1.49283191E9,frewsxcv,"""closed"""
PullRequestEvent,rust-lang/rust,1.492830872E9,frewsxcv,"""closed"""
PullRequestEvent,rust-lang/rust,1.492831486E9,Eh2406,"""closed"""
PullRequestEvent,rust-lang/rust,1.492831923E9,frewsxcv,"""reopened"""
PullRequestEvent,rust-lang/rust,1.492831757E9,frewsxcv,"""opened"""
PullRequestEvent,LCTT/comic,1.492830319E9,bestony,"""closed"""
PullRequestEvent,LCTT/comic,1.492830845E9,bestony,"""closed"""
PullRequestEvent,LCTT/comic,1.492830841E9,bestony,"""opened"""
PullRequestEvent,LCTT/comic,1.492830305E9,bestony,"""opened"""
PullRequestEvent,PointSource/node-red-contrib-sse,1.492832876E9,nima-yz,"""closed"""
PullRequestEvent,PointSource/node-red-contrib-sse,1.492832863E9,nima-yz,"""opened"""
PullRequestEvent,PointSource/node-red-contrib-sse,1.492832931E9,nima-yz,"""opened"""
PullRequestEvent,PointSource/node-red-contrib-sse,1.492833182E9,nima-yz,"""closed"""
PullRequestEvent,10imaging/gemmlowp,1.49283194E9,victorv,"""closed"""
PullRequestEvent,10imaging/gemmlowp,1.492831928E9,victorv,"""opened"""
PullRequestEvent,pyca/cryptography,1.492830268E9,reaperhulk,"""closed"""
PullRequestEvent,caskroom/homebrew-cask,1.492830142E9,commitay,"""opened"""
PullRequestEvent,caskroom/homebrew-cask,1.492831169E9,adidalal,"""closed"""
PullRequestEvent,caskroom/homebrew-cask,1.492830483E9,commitay,"""opened"""
PullRequestEvent,expressjs/expressjs.com,1.49283123E9,dear-lizhihua,"""closed"""
PullRequestEvent,expressjs/expressjs.com,1.492831173E9,dear-lizhihua,"""opened"""
PullRequestEvent,expressjs/expressjs.com,1.492831373E9,dear-lizhihua,"""opened"""
PullRequestEvent,webtorrent/ut_pex,1.492833481E9,greenkeeper[bot],"""opened"""
PullRequestEvent,webtorrent/load-ip-set,1.492833557E9,greenkeeper[bot],"""opened"""
PullRequestEvent,webtorrent/bittorrent-peerid,1.492833476E9,greenkeeper[bot],"""opened"""
PullRequestEvent,takari/maven-wrapper,1.492832674E9,mosabua,"""closed"""
PullRequestEvent,LLNL/spack,1.492830169E9,sknigh,"""opened"""
PullRequestEvent,LLNL/spack,1.492830287E9,sknigh,"""opened"""
PullRequestEvent,LLNL/spack,1.492830376E9,sknigh,"""closed"""
PullRequestEvent,fsprojects/FSharp.Configuration,1.492830482E9,a688,"""opened"""
PullRequestEvent,okTurtles/group-income-simple,1.492831565E9,taoeffect,"""closed"""
PullRequestEvent,okTurtles/group-income-simple,1.492831559E9,taoeffect,"""opened"""
PullRequestEvent,fabric8io/fabric8-ui,1.492830083E9,dlabrecq,"""opened"""
PullRequestEvent,fabric8io/fabric8-ui,1.492831558E9,joshuawilson,"""closed"""
PullRequestEvent,fabric8io/fabric8-planner,1.492833517E9,joshuawilson,"""closed"""
PullRequestEvent,fabric8io/fabric8-planner,1.492833561E9,joshuawilson,"""closed"""
PullRequestEvent,fabric8io/fabric8-planner,1.492833561E9,joshuawilson,"""closed"""
PullRequestEvent,fabric8io/fabric8-planner,1.492833561E9,joshuawilson,"""closed"""
PullRequestEvent,fabric8io/fabric8-planner,1.492833561E9,joshuawilson,"""closed"""
PullRequestEvent,glowroot/glowroot,1.492831309E9,jaikiran,"""opened"""
PullRequestEvent,glowroot/glowroot,1.49283251E9,trask,"""closed"""
PullRequestEvent,Mudlet/Mudlet,1.492830044E9,ahmedcharles,"""closed"""
PullRequestEvent,fossasia/open-event-orga-server,1.492830901E9,niranjan94,"""closed"""
PullRequestEvent,Storj/bridge,1.492832492E9,braydonf,"""closed"""
PullRequestEvent,Storj/bridge,1.492830305E9,braydonf,"""opened"""
PullRequestEvent,odoo/odoo,1.492830347E9,RoganW,"""closed"""
PullRequestEvent,conda/conda,1.492832566E9,nehaljwani,"""opened"""
PullRequestEvent,ReactiveX/RxAndroid,1.492833529E9,manijshrestha,"""opened"""
PullRequestEvent,aspnet/EntityFramework,1.492831439E9,anpete,"""closed"""
PullRequestEvent,aspnet/EntityFramework6,1.492833394E9,Backs,"""closed"""
PullRequestEvent,aspnet/KestrelHttpServer,1.492832217E9,pakrym,"""opened"""
PullRequestEvent,RobotLocomotion/drake,1.492831089E9,jwnimmer-tri,"""opened"""
PullRequestEvent,Azure/azure-cli,1.492832636E9,brendandburns,"""opened"""
PullRequestEvent,Azure/azure-cli,1.492833505E9,brendandburns,"""opened"""
PullRequestEvent,Corvusoft/restbed,1.492830409E9,ben-crowhurst,"""closed"""
PullRequestEvent,UHERO/data-portal,1.492830017E9,vcward,"""closed"""
PullRequestEvent,GDCASU/Twisted-Sails,1.492830271E9,Excoh,"""opened"""
PullRequestEvent,GDCASU/Twisted-Sails,1.492830411E9,Keterr,"""closed"""
PullRequestEvent,MoonchildProductions/Pale-Moon,1.492832699E9,trav90,"""opened"""
PullRequestEvent,moilioncircle/moilioncircle.github.com,1.492833488E9,trydofor,"""closed"""
PullRequestEvent,moilioncircle/moilioncircle.github.com,1.492833481E9,trydofor,"""opened"""
PullRequestEvent,SimpleSoftwareIO/simple-sms,1.492831893E9,SimplyCorey,"""closed"""
PullRequestEvent,concourse/bin,1.492831822E9,jdeppe-pivotal,"""opened"""
PullRequestEvent,Zimbra/zm-mailbox,1.492830576E9,grishick,"""opened"""
PullRequestEvent,HDFGroup/hdf5-json,1.49283228E9,jreadey,"""closed"""
PullRequestEvent,learn-co-students/fe-zetsy-v-000,1.492831478E9,Naomi-Dennis,"""opened"""
PullRequestEvent,learn-co-students/animal-save-v-000,1.492830476E9,aurda012,"""opened"""
PullRequestEvent,learn-co-students/oo-kickstarter-v-000,1.492832755E9,leog7one,"""opened"""
PullRequestEvent,learn-co-students/ttt-2-board-rb-cb-000,1.492830387E9,bcecil88,"""opened"""
PullRequestEvent,learn-co-students/ruby-gets-input-ios-0916,1.492833188E9,johannkerr,"""opened"""
PullRequestEvent,learn-co-students/collections_practice-v-000,1.492832145E9,esugano,"""opened"""
PullRequestEvent,learn-co-students/greeting-cli-ruby-intro-000,1.492831064E9,amenian76,"""opened"""
PullRequestEvent,learn-co-students/namespaced-routes-lab-v-000,1.492831125E9,Jschles1,"""opened"""
PullRequestEvent,learn-co-students/rails-url-helpers-lab-v-000,1.492832745E9,itzsaga,"""opened"""
PullRequestEvent,learn-co-students/crud-with-validations-lab-v-000,1.492832936E9,DanL12186,"""opened"""
PullRequestEvent,learn-co-students/instance-methods-lab-ruby-v-000,1.492830245E9,robjciaccio,"""opened"""
PullRequestEvent,learn-co-students/ruby-gets-input-bootcamp-prep-000,1.492830363E9,gourmetbrian,"""opened"""
PullRequestEvent,learn-co-students/js-functions-lab-bootcamp-prep-000,1.492832069E9,RakibRox,"""opened"""
PullRequestEvent,learn-co-students/method-arguments-lab-ruby-apply-000,1.492832763E9,peterpapadim,"""opened"""
PullRequestEvent,learn-co-students/js-hoisting-readme-bootcamp-prep-000,1.492830585E9,michermd,"""opened"""
PullRequestEvent,learn-co-students/js-beatles-loops-lab-bootcamp-prep-000,1.492830844E9,Jogglins,"""opened"""
PullRequestEvent,learn-co-students/sinatra-forms-params-readme-walkthrough-v-000,1.492830756E9,jblair87,"""opened"""
PullRequestEvent,learn-co-students/javascript-intro-to-functions-lab-bootcamp-prep-000,1.492832771E9,rpaverill,"""opened"""
PullRequestEvent,dotnet/corefx,1.492831538E9,danmosemsft,"""closed"""
PullRequestEvent,dotnet/corefx,1.492831524E9,danmosemsft,"""closed"""
PullRequestEvent,dotnet/corefx,1.49283303E9,dotnet-bot,"""opened"""
PullRequestEvent,dotnet/corefxlab,1.492833488E9,KrzysztofCwalina,"""opened"""
PullRequestEvent,dotnet/templating,1.492831025E9,mlorbetske,"""closed"""
PullRequestEvent,dotnet/templating,1.492831062E9,mlorbetske,"""closed"""
PullRequestEvent,dotnet/templating,1.492830082E9,mlorbetske,"""opened"""
PullRequestEvent,dotnet/templating,1.492831075E9,mlorbetske,"""closed"""
PullRequestEvent,dotnet/templating,1.492831018E9,mlorbetske,"""opened"""
PullRequestEvent,dotnet/templating,1.492830097E9,mlorbetske,"""closed"""
PullRequestEvent,WorldBrain/WebMemex,1.492830716E9,poltak,"""closed"""
PullRequestEvent,AugurProject/augur-core,1.492831512E9,MicahZoltu,"""opened"""
PullRequestEvent,openlegend/core-rules,1.492831742E9,oconnor0,"""opened"""
PullRequestEvent,intervention-engine/fhir,1.492830781E9,cjduffett,"""closed"""
PullRequestEvent,nodejs/node,1.49283252E9,sam-github,"""opened"""
PullRequestEvent,nodejs/node,1.492831127E9,Trott,"""opened"""
PullRequestEvent,nodejs/node,1.492832604E9,sam-github,"""opened"""
PullRequestEvent,charity-santa/contact-api,1.492832421E9,chocopie116,"""opened"""
PullRequestEvent,charity-santa/contact-api,1.492832575E9,chocopie116,"""closed"""
PullRequestEvent,ansible-semaphore/semaphore,1.492831388E9,strangeman,"""opened"""
PullRequestEvent,cryb-to/cryb-to,1.492833441E9,dag-erling,"""opened"""
PullRequestEvent,MarlinFirmware/Marlin,1.492831132E9,thinkyhead,"""closed"""
PullRequestEvent,CCBR/Pipeliner,1.492831034E9,jlac,"""closed"""
PullRequestEvent,CCBR/Pipeliner,1.492831026E9,jlac,"""opened"""
PullRequestEvent,pachyderm/pachyderm,1.492830636E9,msteffen,"""closed"""
PullRequestEvent,pachyderm/pachyderm,1.492830192E9,jdoliner,"""closed"""
PullRequestEvent,pachyderm/pachyderm,1.492830139E9,msteffen,"""opened"""
PullRequestEvent,xitu/front-end-handbook-2017,1.492830031E9,MatildaJin,"""opened"""
PullRequestEvent,xitu/front-end-handbook-2017,1.492831724E9,pobusama,"""opened"""
PullRequestEvent,coala/coala-bears,1.492832396E9,yash-nisar,"""opened"""
PullRequestEvent,apple/swift,1.492833474E9,airspeedswift,"""closed"""
